DROP TABLE IF EXISTS Utente CASCADE;
DROP TABLE IF EXISTS Artista CASCADE;
DROP TABLE IF EXISTS Podcaster CASCADE;
DROP TABLE IF EXISTS Album CASCADE;
DROP TABLE IF EXISTS Podcast CASCADE;
DROP TABLE IF EXISTS Canzone CASCADE;

CREATE TABLE Utente (
	mail varchar (50) primary key,
	nome varchar (50),
	cognome varchar (50),
	stato char (2),
	password varchar (30) not null,
	nickname varchar (20) not null unique,
	followers int,
	following int
);

CREATE TABLE Artista (
	mail varchar (50) primary key,
	nome varchar (50),
	cognome varchar (50),
	stato char (2),
	password varchar (30) not null,
	followers int,
	nome_artista varchar (30) not null unique,
	info varchar (200),
	label varchar (20),
	ascolti_mensili int
);

CREATE TABLE Podcaster (
	mail VARCHAR(50) primary key,
	nome VARCHAR(50),
	cognome VARCHAR(50),
	stato VARCHAR(50),
	password VARCHAR(50) not null unique,
	followers INT,
	nome_podcaster VARCHAR(30),
	info VARCHAR(200)
);

CREATE TABLE Album (
	album_id SERIAL primary key,
	titolo varchar (30),
	artista varchar (50),
	data_pubblicazione date,
	FOREIGN KEY (artista) REFERENCES Artista(mail)
);
TRUNCATE ONLY Album
RESTART IDENTITY;

CREATE TABLE Podcast (
	nome_podcast VARCHAR(30),
	podcaster VARCHAR(50),
	info VARCHAR(100),
	primary key (nome_podcast, podcaster),
	FOREIGN KEY (podcaster) REFERENCES Podcaster(mail)
);

CREATE TABLE Canzone (
	titolo varchar (30),
	album int,
	durata int,
	primary key (titolo, album),
    FOREIGN KEY (album) REFERENCES Album(album_id)
);

INSERT INTO Utente (mail, nome, cognome, stato, password, nickname, followers, following) values 
	('msier0@fotki.com', 'Malinda', 'Sier', 'HK', '0PwstJO', 'msier0', 19, 684),
	('aabbie1@goodreads.com', 'Aprilette', 'Abbie', 'CN', 'VSdEPik4d6T', 'aabbie1', 446, 72),
	('dscholfield2@opera.com', 'Donal', 'Scholfield', 'PT', 'J0oX2Do', 'dscholfield2', 624, 531),
	('pspellacey3@issuu.com', 'Paul', 'Spellacey', 'ID', '5R9Eu6KjLL', 'pspellacey3', 44, 441),
	('kmalyj4@adobe.com', 'Kristien', 'Malyj', 'GB', 'VkLWE8', 'kmalyj4', 582, 714),
	('tluetkemeyer5@discuz.net', 'Tracey', 'Luetkemeyer', 'BR', 'kKnaQKCW', 'tluetkemeyer5', 915, 401),
	('ydorton6@disqus.com', 'Yorgos', 'Dorton', 'ID', 'pyyMH5T5aOu', 'ydorton6', 911, 965),
	('jgaythwaite7@whitehouse.gov', 'Joycelin', 'Gaythwaite', 'GM', 'k0tSxW', 'jgaythwaite7', 915, 699),
	('ksecret8@t-online.de', 'Kimbra', 'Secret', 'JP', '7g1Auwl5g', 'ksecret8', 50, 354),
	('iespy9@reuters.com', 'Ingar', 'Espy', 'RU', 'mZxivT8m', 'iespy9', 365, 977),
	('grosenhaupta@jalbum.net', 'Gratia', 'Rosenhaupt', 'UY', 'iTVVXyL', 'grosenhaupta', 717, 485),
	('jcriminb@economist.com', 'Jaine', 'Crimin', 'CN', 'zb2FNF8qM', 'jcriminb', 127, 605),
	('lshanksc@dropbox.com', 'Lelah', 'Shanks', 'NZ', 'al4cFZ5z', 'lshanksc', 274, 373),
	('fnastd@usatoday.com', 'Faber', 'Nast', 'PH', '0sUITas', 'fnastd', 572, 69),
	('ogriniove@sakura.ne.jp', 'Oliviero', 'Griniov', 'US', 'fvBTUL2YBP', 'ogriniove', 260, 281),
	('afoxallf@twitter.com', 'Ax', 'Foxall', 'BR', 'qB3IPzOQxZN', 'afoxallf', 77, 845),
	('ahuycheg@geocities.jp', 'Ambrosius', 'Huyche', 'EC', 'yDstYoby', 'ahuycheg', 419, 183),
	('jkermith@wunderground.com', 'Jolee', 'Kermit', 'CN', 'YsT6vDpGwc2M', 'jkermith', 844, 239),
	('escoblei@weebly.com', 'Elspeth', 'Scoble', 'CN', 'vAgVdSU', 'escoblei', 663, 881),
	('jtimlettj@sourceforge.net', 'Jorey', 'Timlett', 'CN', 'omvdPlrniI', 'jtimlettj', 914, 585),
	('wmalyk@hubpages.com', 'Welby', 'Maly', 'ID', 'xtvdl63f', 'wmalyk', 434, 289),
	('cmenisl@cdc.gov', 'Cyril', 'Menis', 'CZ', '8QK5SXwaRaVo', 'cmenisl', 772, 885),
	('lfollinm@nationalgeographic.com', 'Lorelei', 'Follin', 'RU', '8dZlYRdU9V', 'lfollinm', 919, 771),
	('ljowittn@bloglovin.com', 'Leigh', 'Jowitt', 'ID', 'jJCrpHmN', 'ljowittn', 606, 131),
	('bwhitmarsho@reference.com', 'Berny', 'Whitmarsh', 'ID', 'WCEWSaZrZ', 'bwhitmarsho', 806, 732),
	('jlumlyp@yellowbook.com', 'Janelle', 'Lumly', 'RU', 'UCDMA6LFDYvV', 'jlumlyp', 900, 223),
	('zjeppsq@elegantthemes.com', 'Zebulon', 'Jepps', 'ID', 'v39F1SfH', 'zjeppsq', 845, 891),
	('hhallorr@house.gov', 'Hermann', 'Hallor', 'CL', 'BR8Y7lTc', 'hhallorr', 113, 321),
	('esyslands@dailymail.co.uk', 'Erin', 'Sysland', 'CN', 'ytgRmwJ', 'esyslands', 518, 403),
	('darstallt@house.gov', 'Dianna', 'Arstall', 'CA', 'xIYpr3ZEYC', 'darstallt', 48, 38),
	('mokelleheru@networkadvertising.org', 'Mikol', 'O'' Kelleher', 'CO', 'qOcTEk6pgjH1', 'mokelleheru', 84, 80),
	('lwellerv@huffingtonpost.com', 'Lin', 'Weller', 'CN', 'S3CmhyEC', 'lwellerv', 137, 227),
	('lpinkettw@theglobeandmail.com', 'Lacee', 'Pinkett', 'CZ', 'dqMh166V2', 'lpinkettw', 974, 46),
	('lboughtflowerx@cdc.gov', 'Lisabeth', 'Boughtflower', 'US', 'EZQfETmIl', 'lboughtflowerx', 869, 323),
	('oshankliny@domainmarket.com', 'Oby', 'Shanklin', 'CN', 'uETKvRLC', 'oshankliny', 241, 344),
	('gisacqz@google.co.uk', 'Gustave', 'Isacq', 'CN', 'EH524lSWrIc', 'gisacqz', 881, 915),
	('bsimoneau10@google.ca', 'Baxter', 'Simoneau', 'RU', 'xnN4etjR', 'bsimoneau10', 767, 56),
	('jtayt11@marketwatch.com', 'Janith', 'Tayt', 'PT', '6dwMf1hKeIj', 'jtayt11', 708, 292),
	('rolsson12@arizona.edu', 'Raynard', 'Olsson', 'FM', 'F4D3pKSMwZ2', 'rolsson12', 958, 786),
	('sblamphin13@yahoo.co.jp', 'Silvanus', 'Blamphin', 'PH', 'V7a54G9TyeU', 'sblamphin13', 359, 753),
	('gheatherington14@cloudflare.com', 'Garner', 'Heatherington', 'PH', 'yqUYr9RUPr', 'gheatherington14', 110, 695),
	('charbin15@bloglines.com', 'Cammi', 'Harbin', 'ID', 'x1sns19WGh', 'charbin15', 459, 47),
	('sduns16@google.com.br', 'Seumas', 'Duns', 'CN', '6HZQwGaMZr5S', 'sduns16', 67, 62),
	('hrousel17@nytimes.com', 'Heywood', 'Rousel', 'HU', '9GcK2552', 'hrousel17', 783, 727),
	('blandon18@soup.io', 'Briney', 'Landon', 'US', 'N1EJMG', 'blandon18', 327, 81),
	('manderbrugge19@vistaprint.com', 'Moss', 'Anderbrugge', 'ID', 'h8eR1D', 'manderbrugge19', 190, 378),
	('dcooney1a@drupal.org', 'Dulcy', 'Cooney', 'CN', 'xyIo4UZ', 'dcooney1a', 454, 664),
	('lstothert1b@scientificamerican.com', 'Lia', 'Stothert', 'CN', 'wbu61n35lmE', 'lstothert1b', 553, 981),
	('charradence1c@friendfeed.com', 'Christy', 'Harradence', 'BR', 'kCQZmAWoX', 'charradence1c', 649, 289),
	('ehuxley1d@icq.com', 'Erich', 'Huxley', 'US', 'pP5s1L', 'ehuxley1d', 767, 883),
	('cdelleschi1e@nbcnews.com', 'Coleen', 'Delleschi', 'PT', 'rD4l9sVTys', 'cdelleschi1e', 440, 602),
	('rneligan1f@kickstarter.com', 'Robinson', 'Neligan', 'UY', 'b3494HRaL', 'rneligan1f', 75, 600),
	('brawne1g@mozilla.org', 'Brandea', 'Rawne', 'TH', 'TeU7j2MMd', 'brawne1g', 57, 513),
	('escammell1h@rakuten.co.jp', 'Emili', 'Scammell', 'ID', 'Ujivr4nIfY', 'escammell1h', 587, 589),
	('wbernucci1i@trellian.com', 'Winni', 'Bernucci', 'JO', '21GnP0tE5', 'wbernucci1i', 549, 577),
	('sbeltzner1j@chicagotribune.com', 'Shannan', 'Beltzner', 'SI', 'ReHeytUO9G', 'sbeltzner1j', 414, 893),
	('abickerton1k@storify.com', 'Abbie', 'Bickerton', 'RU', 'VybSrm5yMR', 'abickerton1k', 362, 963),
	('adargie1l@g.co', 'Ambrose', 'Dargie', 'MX', 'RTKL4U', 'adargie1l', 809, 777),
	('owhiffin1m@odnoklassniki.ru', 'Orlando', 'Whiffin', 'CN', 'PuaXiTDsb', 'owhiffin1m', 376, 487),
	('dobray1n@topsy.com', 'Dag', 'Obray', 'CN', 'DnkjAwtvIGs', 'dobray1n', 204, 667),
	('lgreenley1o@state.tx.us', 'Lorry', 'Greenley', 'BR', 'aZD4FT8', 'lgreenley1o', 87, 542),
	('abroadey1p@toplist.cz', 'Agustin', 'Broadey', 'ID', '3t3QyVmDgNc', 'abroadey1p', 641, 954),
	('amcgraffin1q@upenn.edu', 'Andriette', 'McGraffin', 'TH', 'mYUL3tydMM35', 'amcgraffin1q', 696, 100),
	('jchattoe1r@cdc.gov', 'Jana', 'Chattoe', 'JM', 'lmtljW5', 'jchattoe1r', 227, 87),
	('yolkowicz1s@webnode.com', 'Yorgos', 'Olkowicz', 'ID', 'ioJSYSk2GoGU', 'yolkowicz1s', 637, 845),
	('cflewitt1t@bloomberg.com', 'Chas', 'Flewitt', 'ID', 'L8r8DrmBp', 'cflewitt1t', 316, 406),
	('mlorens1u@pen.io', 'Mimi', 'Lorens', 'FR', 'kWNSEia', 'mlorens1u', 437, 472),
	('cianetti1v@yandex.ru', 'Colby', 'Ianetti', 'UA', 'FpGn7mg', 'cianetti1v', 18, 543),
	('cholde1w@wikipedia.org', 'Cale', 'Holde', 'ID', 'wUtdzb', 'cholde1w', 448, 395),
	('fflewett1x@loc.gov', 'Fletch', 'Flewett', 'VN', 'rFYI4eK4Or', 'fflewett1x', 106, 462),
	('awethered1y@globo.com', 'Agretha', 'Wethered', 'CN', '9wQmzxQV', 'awethered1y', 901, 92),
	('gmcaleese1z@merriam-webster.com', 'Gerta', 'McAleese', 'LV', 't5EgvsFWOy', 'gmcaleese1z', 847, 352),
	('lcamelia20@addtoany.com', 'Leif', 'Camelia', 'ID', 'sGcKWEiW5QM', 'lcamelia20', 252, 438),
	('asqueers21@statcounter.com', 'Alanson', 'Squeers', 'MZ', 'DjD83bZsy', 'asqueers21', 82, 47),
	('abrownlee22@berkeley.edu', 'Adolphus', 'Brownlee', 'KE', 'fmMpU6iKV', 'abrownlee22', 533, 140),
	('bdelph23@myspace.com', 'Brittan', 'Delph', 'CN', 'cBg06VsTDsz', 'bdelph23', 366, 604),
	('ckiendl24@jigsy.com', 'Caterina', 'Kiendl', 'BR', '9Ys24LZ8NdK', 'ckiendl24', 797, 877),
	('dadamo25@sbwire.com', 'Daffi', 'Adamo', 'ES', 'nuUnqoIV9F', 'dadamo25', 42, 693),
	('sparade26@domainmarket.com', 'Stephi', 'Parade', 'CN', 'RwnV6Z', 'sparade26', 38, 796),
	('dtipping27@vkontakte.ru', 'Daisey', 'Tipping', 'CN', 'gvgWT3SL', 'dtipping27', 73, 505),
	('rbeswell28@netscape.com', 'Roselia', 'Beswell', 'RU', 'n1qVE8', 'rbeswell28', 363, 437),
	('ishimwell29@typepad.com', 'Ira', 'Shimwell', 'RU', 'vlCqY86rCFfA', 'ishimwell29', 60, 246),
	('kbillborough2a@gmpg.org', 'Karlotte', 'Billborough', 'ID', 'VeIDmzcdiZ8G', 'kbillborough2a', 715, 808),
	('cpetran2b@blog.com', 'Cherilynn', 'Petran', 'CN', 'ESoTruEPsEu', 'cpetran2b', 114, 234),
	('mbrewster2c@google.co.uk', 'Meagan', 'Brewster', 'BR', 'Xeqb1wbPMdpY', 'mbrewster2c', 7, 562),
	('lpynn2d@last.fm', 'Lombard', 'Pynn', 'GR', 'lVoCHih', 'lpynn2d', 817, 650),
	('lkinglesyd2e@vk.com', 'Lynnea', 'Kinglesyd', 'CN', 'JgDYzasL8', 'lkinglesyd2e', 645, 66),
	('fluciano2f@shareasale.com', 'Fredek', 'Luciano', 'CN', 'JKE79oOaH1zi', 'fluciano2f', 516, 455),
	('lrabbe2g@godaddy.com', 'Link', 'Rabbe', 'PH', 'OJ9Iq0TWQw', 'lrabbe2g', 111, 308),
	('ehawkswood2h@google.co.uk', 'Elvera', 'Hawkswood', 'US', '1iUCWiQgQYx', 'ehawkswood2h', 53, 781),
	('jcockings2i@sun.com', 'Joy', 'Cockings', 'FR', 'Qo6xpt', 'jcockings2i', 818, 654),
	('pbysh2j@de.vu', 'Patrizius', 'Bysh', 'MM', '9ExNUwpnCg', 'pbysh2j', 753, 111),
	('dgeorgius2k@miibeian.gov.cn', 'Demott', 'Georgius', 'PY', '1AdfgKBR', 'dgeorgius2k', 363, 896),
	('glyte2l@oakley.com', 'Garret', 'Lyte', 'RU', 'lOzU3cbW0UCt', 'glyte2l', 125, 606),
	('mgorton2m@angelfire.com', 'Maison', 'Gorton', 'EE', 'ZJyz0l2', 'mgorton2m', 486, 701),
	('cpickersgill2n@oaic.gov.au', 'Catherin', 'Pickersgill', 'PH', 'vZ76F1MItNqt', 'cpickersgill2n', 617, 191),
	('nrogerson2o@sitemeter.com', 'Neila', 'Rogerson', 'BR', '2MT9J445A0v', 'nrogerson2o', 989, 632),
	('rpetrolli2p@apache.org', 'Ramonda', 'Petrolli', 'ID', 'LHWkD71', 'rpetrolli2p', 785, 984),
	('ifocke2q@wp.com', 'Igor', 'Focke', 'CN', 'zKgDVXYL', 'ifocke2q', 650, 908),
	('dcolclough2r@issuu.com', 'Dannye', 'Colclough', 'ID', 'TRjj2qy6g', 'dcolclough2r', 323, 670);
	

INSERT INTO Artista (mail, nome, cognome, stato, password, followers, nome_artista, info, label, ascolti_mensili) VALUES
	('rwisdish0@newyorker.com', 'Remy', 'Wisdish', 'ID', '8OlJBij', 901981, 'Rwidish', 'Enhanced incremental complexity', 143, 683302),
	('ubrumfield1@about.com', 'Ursula', 'Brumfield', 'IE', 'nazX1QtsW', 539231, 'Ubrum', 'Customer-focused 5th generation extranet', 415, 126421),
	('odonnett2@microsoft.com', 'Ollie', 'Donnett', 'CZ', '5LW1WTEv', 767476, 'Odonett', 'Customizable composite Graphical User Interface', 776, 518760),
	('rlaffin3@samsung.com', 'Reeva', 'Laffin', 'RU', '3M0Nkrh', 159056, 'Rlaffin', 'Re-contextualized clear-thinking ability', 743, 351634),
	('kpieche4@deviantart.com', 'Karlan', 'Pieche', 'CO', 'LJWn5qDMC8', 277092, 'Kpieche', 'Programmable impactful groupware', 478, 136822),
	('lwatsam5@hugedomains.com', 'Link', 'Watsam', 'AR', 'yZmkiyo0ST3', 677782, 'Lwatsam', 'Re-contextualized 3rd generation synergy', 371, 861230),
	('zbayldon6@mysql.com', 'Zelda', 'Bayldon', 'FI', '9MJbo8mF9EgD', 822908, 'Zbayldon', 'Expanded uniform flexibility', 857, 301085),
	('cneubigin7@usa.gov', 'Chlo', 'Neubigin', 'JP', '4GG53nMKbG', 939107, 'Cneubigin', 'Profit-focused next generation emulation', 467, 586461),
	('abelfitt9@nydailynews.com', 'Anthe', 'Belfitt', 'NG', 'ECARfg', 736234, 'Abelfitt', 'Horizontal radical definition', 411, 687565),
	('bmilborna@ucsd.edu', 'Barnebas', 'Milborn', 'PT', 'OLKfEh62rn', 362538, 'Bmilborna', 'Public-key fresh-thinking utilisation', 864, 997663),
	('rkirkmanb@mozilla.com', 'Ruth', 'Kirkman', 'CN', 'MfPnhQJIFj', 810351, 'Bkirkmanb', 'Switchable heuristic function', 366, 447368),
	('kballintynec@tinyurl.com', 'Ketti', 'Ballintyne', 'CZ', '2DUL9cQV', 45265, 'Ballintynec', 'Future-proofed stable functionalities', 705, 964243),
	('fautied@bandcamp.com', 'Farah', 'Autie', 'PL', 'APKr5yaB99Ih', 660431, 'Fautied', 'Multi-channelled cohesive strategy', 542, 632179),
	('dbaytrope@linkedin.com', 'Darcey', 'Baytrop', 'PL', 'LiPrWLICZHlZ', 339143, 'Bytrope', 'Innovative maximized concept', 214, 997070),
	('dfootf@feedburner.com', 'Denny', 'Foot', 'AM', 'ziWMbgjQj', 486475, 'Footf', 'Multi-tiered motivating strategy', 867, 320478),
	('slowderg@usgs.gov', 'Stillmann', 'Lowder', 'NG', 'K5uacG', 411096, 'Slowderg', 'Focused bandwidth-monitored instruction set', 240, 366868),
	('smallisonh@spotify.com', 'Spenser', 'Mallison', 'PE', 'Mt2g2ne1x5l', 463531, 'Smallisonh', 'Automated heuristic access', 733, 717938),
	('jmurbyi@shutterfly.com', 'Jacenta', 'Murby', 'UA', '0Tlmvd7kUL', 509061, 'Murbyi', 'Re-engineered homogeneous flexibility', 860, 34187),
	('ohorryj@drupal.org', 'Otho', 'Horry', 'HN', 'pVxUc7XZsCr', 499900, 'Ohorryj', 'User-friendly eco-centric policy', 207, 411062),
	('bpatriak@epa.gov', 'Base', 'Patria', 'PL', 'e4ItMouZF', 686523, 'Patriak', 'Expanded full-range hierarchy', 523, 7922),
	('oquarmbyl@constantcontact.com', 'Obadias', 'Quarmby', 'MN', 'f2EXcXnDjDm', 574175, 'Oquarmbyl', 'Multi-layered eco-centric flexibility', 12, 299833),
	('nhaslinm@naver.com', 'Neill', 'Haslin', 'CN', 'BKP3sAGC5U', 356212, 'Nhaslinm', 'Re-contextualized neutral attitude', 976, 907053),
	('njacsonn@hhs.gov', 'Nat', 'Jacson', 'NG', 'wxYbUEA8VW', 364690, 'Jacsonn', 'Digitized interactive solution', 327, 307060),
	('fagiolfingero@nationalgeographic.com', 'Flory', 'Agiolfinger', 'CN', 'OvnXc90pr', 429688, 'Fagiolfingero', 'Innovative 24 hour middleware', 214, 144811),
	('tdogep@patch.com', 'Tybalt', 'Doge', 'CN', 'Mc3XrO', 320573, 'Dogep', 'Diverse grid-enabled process improvement', 98, 380781),
	('vbothaq@live.com', 'Vasilis', 'Botha', 'CN', 'fG7dSFe98e', 582185, 'Thaq', 'Horizontal composite open system', 563, 807508),
	('bmoralesr@nps.gov', 'Babara', 'Morales', 'BG', 'Ulr1ulRxl2Sk', 296356, 'Moralesr', 'Quality-focused 5th generation artificial intelligence', 584, 181885),
	('grabiers@disqus.com', 'Gearalt', 'Rabier', 'PS', '0H4rWMJ', 181406, 'Grabiers', 'Universal discrete initiative', 283, 801530),
	('njammet@theguardian.com', 'Nancie', 'Jamme', 'PH', 'mRjD3QpT8X', 500479, 'Jammet', 'Robust global challenge', 400, 13518),
	('gjollissu@omniture.com', 'Greggory', 'Jolliss', 'CN', '3qEP6Awi', 602184, 'Jollissu', 'Right-sized static initiative', 430, 707205),
	('cbenfellv@nih.gov', 'Cele', 'Benfell', 'UA', 'JFusRDsUJf9', 483923, 'Benfellv', 'Ergonomic multimedia open system', 638, 418008),
	('ecrosdillw@technorati.com', 'Eugenia', 'Crosdill', 'US', 'ppSTaKSF5R', 940892, 'Ecrosdillw', 'Mandatory foreground software', 992, 273609),
	('gbreckenridgex@shinystat.com', 'Galen', 'Breckenridge', 'CN', 'g91AaqGDO2jI', 340443, 'Idgex', 'Cloned explicit groupware', 130, 296576),
	('dvonhindenburgy@pcworld.com', 'Deeanne', 'Von Hindenburg', 'CN', 'trnw9n3jU8lf', 966200, 'Dvonhindenburgy', 'Optimized intangible methodology', 188, 271593),
	('apecholdz@yandex.ru', 'Alyosha', 'Pechold', 'UA', 'cRJfsBmejV', 650713, 'Apecholdz', 'Synergized neutral service-desk', 803, 901137),
	('nstanlock10@about.com', 'Nev', 'Stanlock', 'NG', 'AiFgMmHJ', 446798, 'Stanlock', 'Configurable neutral toolset', 933, 473038),
	('amiddis11@google.com', 'Arleta', 'Middis', 'YE', 'P7kGKt7qLFwY', 283893, 'Amiddis', 'Reactive fault-tolerant instruction set', 61, 4109),
	('cashbee12@nih.gov', 'Charmane', 'Ashbee', 'CN', 'Lk1VZvft', 552422, 'Cashbee', 'Digitized 24/7 moratorium', 893, 662625),
	('shulke13@goo.ne.jp', 'Steffi', 'Hulke', 'KG', 'TriUHap', 518243, 'Shulke', 'Upgradable intangible leverage', 789, 476338),
	('acasseldine14@moonfruit.com', 'Ahmad', 'Casseldine', 'JP', 'l2Sjl5edYM', 60057, 'Acasseldine', 'Pre-emptive cohesive analyzer', 693, 956279),
	('agaspard15@bloglines.com', 'Annamarie', 'Gaspard', 'UG', 'XnfJ8X593Q', 618210, 'Agaspard', 'Face to face dynamic open system', 330, 127986),
	('tcrosfeld16@toplist.cz', 'Todd', 'Crosfeld', 'IE', '7Kge0u52S', 646195, 'Crosfeld', 'Right-sized client-server framework', 687, 647868),
	('cclubbe17@de.vu', 'Cherry', 'Clubbe', 'SY', '1Js6hBh0LU0z', 229466, 'Clubbe', 'Team-oriented zero tolerance alliance', 946, 876787),
	('jcutbush18@java.com', 'June', 'Cutbush', 'TN', 'ekoM2TCPSy', 178691, 'Cutbush', 'Robust 24 hour encryption', 471, 283367),
	('kposner19@elpais.com', 'Kimmi', 'Posner', 'TN', 'JFKApvRX63M', 320474, 'Posne', 'Integrated executive complexity', 934, 255745),
	('ehaslewood1a@springer.com', 'Eldredge', 'Haslewood', 'KM', 'ovGlqCV', 697864, 'Ehaslewooda', 'Public-key static contingency', 655, 14008),
	('nwace1b@yellowbook.com', 'Nike', 'Wace', 'UY', 'VkV4oTGInsv', 617529, 'Webex', 'Synchronised neutral protocol', 512, 694446),
	('rhinckesman1c@360.cn', 'Renaud', 'Hinckesman', 'CN', 'FvSTDTLdCa', 400151, 'Rhinckesmanc', 'Persevering non-volatile function', 319, 347452),
	('pbungey1d@arizona.edu', 'Pail', 'Bungey', 'CN', 'DZbPes2', 716517, 'Bungeyd', 'Customizable scalable attitude', 227, 980058);

INSERT INTO Podcaster (mail, nome, cognome, stato, password, followers, nome_podcaster, info) VALUES
	('nbole0@yale.edu', 'Nicola', 'Bole', 'US', 'utvlK0HchO', 146, 'Nbole', 'User-friendly incremental approach'),
	('dmilvarnie1@desdev.cn', 'Dame', 'Milvarnie', 'SE', 'Px7uYlALwFb', 448, 'Dmilvarnie', 'Ergonomic discrete policy'),
	('lisaak2@cnet.com', 'Lenard', 'Isaak', 'PS', 'cI7mQR0Jw', 282, 'Lisaak', 'Synergistic bifurcated paradigm'),
	('cyate3@uol.com.br', 'Cecelia', 'Yate', 'GR', 'mX9kAwu', 662, 'Cyate', 'Ergonomic next generation emulation'),
	('dhendren4@utexas.edu', 'Dionne', 'Hendren', 'PL', 'fdyA0aSrtcvz', 361, 'Dhendren', 'Stand-alone cohesive throughput'),
	('mroelofs5@acquirethisname.com', 'Matti', 'Roelofs', 'AM', 'WnHGtT7BzcD', 979, 'Mroelofs', 'Organic intangible migration'),
	('mcallen6@taobao.com', 'Mireielle', 'Callen', 'CA', 'iiosVtsyUrA', 694, 'Mcallen', 'Innovative bandwidth-monitored middleware'),
	('glehrmann7@xinhuanet.com', 'Gibbie', 'Lehrmann', 'CN', 'bJGAk5', 159, 'Glehrmann', 'Phased multi-tasking circuit'),
	('xseage8@ibm.com', 'Ximenes', 'Seage', 'NG', '6jYi50ML63C', 786, 'Xseage', 'Re-engineered high-level projection'),
	('mscanderet9@google.pl', 'Marjie', 'Scanderet', 'ID', 'pDUR2lNq8', 800, 'Mscanderet', 'Multi-lateral motivating analyzer'),
	('dconkiea@digg.com', 'Dmitri', 'Conkie', 'SE', 'oucyLtD', 61, 'Dconkie', 'Synchronised real-time architecture'),
	('zfluryb@yellowbook.com', 'Zahara', 'Flury', 'BR', 'sCCtyxY3lPN4', 983, 'Zflury', 'De-engineered analyzing intranet'),
	('dsandsallanc@diigo.com', 'Donetta', 'Sands-Allan', 'CN', 'onGVOV08OkN6', 662, 'Dsandsallan', 'Mandatory hybrid frame'),
	('robradaned@va.gov', 'Reggis', 'O''Bradane', 'PA', 'yhvtGFiX2RAj', 330, 'Robradane', 'Persevering analyzing access'),
	('mmaywarde@prweb.com', 'Margot', 'Mayward', 'MG', '0OuK2g', 709, 'Mmayward', 'Cross-group impactful Graphic Interface'),
	('jsmalef@devhub.com', 'Jeanelle', 'Smale', 'JO', 'lXJWni73a0TU', 628, 'Jsmale', 'User-friendly interactive challenge'),
	('kbugsg@nature.com', 'Kean', 'Bugs', 'PT', 'DMfiUFrEe1c', 16, 'Kbugs', 'Grass-roots composite software'),
	('kgauchh@paypal.com', 'Kailey', 'Gauch', 'CN', 'Sk03RcV1l', 385, 'Kgauch', 'Networked radical capacity'),
	('csillitoi@acquirethisname.com', 'Cristi', 'Sillito', 'JP', 'BhQEYTMaiMA', 786, 'Csillito', 'Visionary empowering support'),
	('grougheyj@photobucket.com', 'Granger', 'Roughey', 'PH', 'N0YQ34zutJJl', 285, 'Groughey', 'Team-oriented dedicated superstructure'),
	('mcristofarik@123-reg.co.uk', 'Maure', 'Cristofari', 'CN', 'MuzeUf', 689, 'Mcristofari', 'Customer-focused intermediate Graphic Interface'),
	('achalcraftl@washington.edu', 'Alika', 'Chalcraft', 'RU', 'tdu9yOwu', 406, 'Achalcraft', 'Enhanced hybrid complexity'),
	('snottlem@marriott.com', 'Swen', 'Nottle', 'RS', '5yaoCT8Rd2', 511, 'Snottle', 'Object-based eco-centric instruction set'),
	('bjolln@sun.com', 'Bartholemy', 'Joll', 'GR', 'SiLKigadJ4og', 238, 'Bjoll', 'Organic systematic paradigm'),
	('astiegaro@google.ru', 'Aveline', 'Stiegar', 'LU', 'G0qabT', 445, 'Astiegar', 'Open-architected actuating middleware'),
	('fpiffp@ebay.co.uk', 'Fowler', 'Piff', 'CZ', 'YNVjvN9aWs', 938, 'Fpiff', 'Streamlined full-range intranet'),
	('mjeremaesq@nytimes.com', 'Matthieu', 'Jeremaes', 'CA', 'RKCGB31SWC6', 830, 'Mjeremaes', 'Exclusive actuating database'),
	('rschoberr@51.la', 'Rourke', 'Schober', 'CN', 'dPRjT0oKNjA', 325, 'Rschober', 'Synchronised homogeneous policy'),
	('ewhates@noaa.gov', 'Elisabeth', 'Whate', 'JP', 'IqqxYVrhrY6', 834, 'Ewhate', 'Virtual hybrid instruction set'),
	('fchint@1und1.de', 'Fons', 'Chin', 'ID', 'kyft286', 717, 'Fchin', 'Re-contextualized 5th generation utilisation'),
	('wsidnellu@hp.com', 'Wat', 'Sidnell', 'JP', 'HvXrkTY5', 19, 'Wsidnell', 'Multi-tiered incremental monitoring'),
	('bmurkusv@hostgator.com', 'Brynn', 'Murkus', 'PT', 'uQy1Mr2', 147, 'Bmurkus', 'De-engineered fault-tolerant internet solution'),
	('kmcilwainew@lulu.com', 'Kim', 'McIlwaine', 'CN', '4BXi4lVz0', 849, 'Kmcilwaine', 'Horizontal zero administration paradigm'),
	('alissendenx@over-blog.com', 'Andris', 'Lissenden', 'BY', 'uznXmLFq', 53, 'Alissenden', 'Polarised intermediate workforce'),
	('chardeyy@earthlink.net', 'Charisse', 'Hardey', 'CM', 'bggizTDkrCYs', 746, 'Chardey', 'Sharable upward-trending help-desk'),
	('asleneyz@wordpress.com', 'Ailyn', 'Sleney', 'PK', '96MFvnM7Pf', 593, 'Asleney', 'Implemented scalable customer loyalty'),
	('eashmore10@arizona.edu', 'Ewen', 'Ashmore', 'AR', '44rxuT6dB', 633, 'Eashmore', 'Down-sized methodical synergy'),
	('uhulburt11@qq.com', 'Urson', 'Hulburt', 'MX', '12JhCBXxXk', 365, 'Uhulburt', 'Enhanced systematic capacity'),
	('scovil12@pen.io', 'Sayre', 'Covil', 'BG', 'EuMBlIae', 338, 'Scovil', 'Face to face holistic orchestration'),
	('asalvadori13@princeton.edu', 'Ann', 'Salvadori', 'ID', 'JGEkBrg9dkC', 87, 'Asalvadori', 'Distributed analyzing concept'),
	('crickersy14@printfriendly.com', 'Cassandre', 'Rickersy', 'PK', 'JUTwnN3u5Cv', 270, 'Crickersy', 'Stand-alone even-keeled circuit'),
	('kkimmons15@wikispaces.com', 'Karlene', 'Kimmons', 'MW', '2wtglObsOs0F', 313, 'Kkimmons', 'Sharable multi-state alliance'),
	('scastellan16@google.fr', 'Sherlock', 'Castellan', 'MZ', 'X3VR7inpzVe', 271, 'Scastellan', 'Customizable fault-tolerant open system'),
	('econnick17@simplemachines.org', 'Elane', 'Connick', 'RU', 'A3em8fq9chs', 732, 'Econnick', 'Programmable interactive task-force'),
	('sdeinhardt18@goo.gl', 'Sybila', 'Deinhardt', 'VN', 'Z4c30UG', 1, 'Sdeinhardt', 'Realigned optimizing software'),
	('ffairman19@tripod.com', 'Flora', 'Fairman', 'US', 'Z65qX9', 284, 'Ffairman', 'Advanced eco-centric neural-net'),
	('olefeaver1a@wordpress.org', 'Orel', 'Lefeaver', 'AF', 'bjgrjurBiTr', 912, 'Olefeaver', 'Reactive hybrid strategy'),
	('mdorrance1b@github.com', 'Monique', 'Dorrance', 'ID', 'tbVSoclw', 104, 'Mdorrance', 'Persistent asynchronous task-force'),
	('nnisot1c@unblog.fr', 'Nichols', 'Nisot', 'ID', 'AIqqCe2e', 19, 'Nnisot', 'Assimilated hybrid local area network'),
	('mscreas1d@dion.ne.jp', 'Marley', 'Screas', 'ID', '7JrRQn4lFCs', 648, 'Mscreas', 'Persistent eco-centric encoding');

INSERT INTO Album (titolo, artista, data_pubblicazione) VALUES 
	('sagittis nam congue', 'rwisdish0@newyorker.com', '2021/05/09'),
	('sed augue aliquam', 'odonnett2@microsoft.com', '2020/04/20'),
	('consequat ut nulla', 'rlaffin3@samsung.com', '2021/08/25'),
	('sed accumsan', 'lwatsam5@hugedomains.com', '2022/02/14'),
	('sed sagittis nam', 'zbayldon6@mysql.com', '2021/11/29'),
	('et ultrices posuere', 'abelfitt9@nydailynews.com', '2020/06/08'),
	('pede', 'bmilborna@ucsd.edu', '2022/04/07'),
	('orci luctus et', 'kballintynec@tinyurl.com', '2021/05/15'),
	('vulputate nonummy maecenas', 'lwatsam5@hugedomains.com', '2021/10/27'),
	('in faucibus', 'fautied@bandcamp.com', '2022/05/20'),
	('nam congue risus', 'smallisonh@spotify.com', '2020/03/06'),
	('et ultrices', 'jmurbyi@shutterfly.com', '2020/06/12'),
	('phasellus', 'oquarmbyl@constantcontact.com', '2020/06/12'),
	('nisl', 'fautied@bandcamp.com', '2021/08/21'),
	('vitae ipsum', 'nhaslinm@naver.com', '2021/06/01'),
	('tincidunt', 'jmurbyi@shutterfly.com', '2020/10/25'),
	('ipsum', 'tdogep@patch.com', '2022/04/25'),
	('sollicitudin mi', 'zbayldon6@mysql.com', '2021/09/18'),
	('mi nulla', 'zbayldon6@mysql.com', '2020/05/24'),
	('nisi volutpat', 'bmoralesr@nps.gov', '2022/03/29'),
	('aliquet at', 'cbenfellv@nih.gov', '2020/12/11'),
	('lorem quisque', 'dfootf@feedburner.com', '2021/08/11'),
	('purus sit', 'dfootf@feedburner.com', '2020/06/10'),
	('lobortis', 'rlaffin3@samsung.com', '2020/01/06'),
	('magna at', 'gbreckenridgex@shinystat.com', '2020/11/17'),
	('magna', 'dfootf@feedburner.com', '2021/12/09'),
	('vulputate', 'gbreckenridgex@shinystat.com', '2022/01/27'),
	('sed', 'cclubbe17@de.vu', '2021/08/05'),
	('nisi at', 'agaspard15@bloglines.com', '2022/03/07'),
	('fermentum justo nec', 'zbayldon6@mysql.com', '2021/01/12'),
	('blandit ultrices', 'tdogep@patch.com', '2021/09/23'),
	('id justo', 'bpatriak@epa.gov', '2022/02/15'),
	('amet', 'nhaslinm@naver.com', '2020/09/11'),
	('phasellus id sapien', 'abelfitt9@nydailynews.com', '2020/05/07'),
	('lorem quisque', 'fagiolfingero@nationalgeographic.com', '2022/05/20'),
	('curae', 'cclubbe17@de.vu', '2021/03/17'),
	('turpis donec', 'cashbee12@nih.gov', '2021/08/16'),
	('ultrices', 'fagiolfingero@nationalgeographic.com', '2020/10/08'),
	('duis at', 'dfootf@feedburner.com', '2020/09/28'),
	('massa', 'abelfitt9@nydailynews.com', '2020/03/17'),
	('morbi ut', 'kposner19@elpais.com', '2021/03/03'),
	('pellentesque', 'rkirkmanb@mozilla.com', '2020/09/29'),
	('ullamcorper', 'acasseldine14@moonfruit.com', '2020/04/08'),
	('habitasse platea', 'cashbee12@nih.gov', '2021/10/31'),
	('mi sit amet', 'agaspard15@bloglines.com', '2022/03/04'),
	('lectus pellentesque at', 'rlaffin3@samsung.com', '2020/07/02'),
	('faucibus orci', 'rkirkmanb@mozilla.com', '2020/07/14'),
	('sit amet', 'ecrosdillw@technorati.com', '2021/01/13'),
	('viverra dapibus nulla', 'slowderg@usgs.gov', '2020/04/14'),
	('morbi', 'smallisonh@spotify.com', '2020/05/06'),
	('pellentesque', 'ehaslewood1a@springer.com', '2020/06/07'),
	('nisl duis', 'nstanlock10@about.com', '2022/02/23'),
	('cras', 'abelfitt9@nydailynews.com', '2021/09/12'),
	('metus', 'oquarmbyl@constantcontact.com', '2020/08/31'),
	('mi integer', 'cbenfellv@nih.gov', '2021/12/21'),
	('at vulputate vitae', 'nwace1b@yellowbook.com', '2022/02/18'),
	('risus', 'rhinckesman1c@360.cn', '2021/03/09'),
	('non velit', 'rhinckesman1c@360.cn', '2021/01/24'),
	('interdum', 'nwace1b@yellowbook.com', '2021/09/08'),
	('nulla nisl', 'rwisdish0@newyorker.com', '2020/01/02'),
	('id turpis', 'ehaslewood1a@springer.com', '2021/02/22'),
	('posuere', 'cclubbe17@de.vu', '2021/01/07'),
	('integer aliquet massa', 'gbreckenridgex@shinystat.com', '2021/02/03'),
	('imperdiet et commodo', 'cashbee12@nih.gov', '2020/01/27'),
	('ultrices', 'njammet@theguardian.com', '2021/12/30'),
	('lacus morbi', 'ehaslewood1a@springer.com', '2021/11/25'),
	('semper porta volutpat', 'nwace1b@yellowbook.com', '2021/04/29'),
	('molestie', 'rwisdish0@newyorker.com', '2021/11/16'),
	('nisi nam', 'cashbee12@nih.gov', '2021/03/08'),
	('semper porta volutpat', 'cbenfellv@nih.gov', '2020/12/12'),
	('est', 'cclubbe17@de.vu', '2021/07/22'),
	('elementum eu', 'ubrumfield1@about.com', '2021/01/26'),
	('urna ut', 'acasseldine14@moonfruit.com', '2021/03/09'),
	('convallis duis', 'bmoralesr@nps.gov', '2022/01/05'),
	('orci mauris', 'pbungey1d@arizona.edu', '2021/11/16'),
	('in leo', 'rhinckesman1c@360.cn', '2020/08/13'),
	('libero ut massa', 'grabiers@disqus.com', '2020/10/02'),
	('integer', 'pbungey1d@arizona.edu', '2020/09/15'),
	('ligula', 'ubrumfield1@about.com', '2021/08/08'),
	('duis at', 'pbungey1d@arizona.edu', '2021/05/26'),
	('in lacus curabitur', 'pbungey1d@arizona.edu', '2020/12/29'),
	('imperdiet', 'odonnett2@microsoft.com', '2021/03/23'),
	('sapien', 'rwisdish0@newyorker.com', '2022/02/22'),
	('nulla quisque', 'kpieche4@deviantart.com', '2020/09/13'),
	('magnis', 'nstanlock10@about.com', '2021/02/06'),
	('in', 'odonnett2@microsoft.com', '2021/08/07'),
	('quis justo', 'fautied@bandcamp.com', '2020/07/18'),
	('sit amet', 'rlaffin3@samsung.com', '2021/09/24'),
	('laoreet ut rhoncus', 'rkirkmanb@mozilla.com', '2020/02/04'),
	('curabitur', 'pbungey1d@arizona.edu', '2021/05/27'),
	('sapien', 'grabiers@disqus.com', '2020/12/17'),
	('hendrerit at', 'ubrumfield1@about.com', '2020/04/24'),
	('diam', 'ubrumfield1@about.com', '2020/08/25'),
	('vulputate nonummy', 'cclubbe17@de.vu', '2020/11/21'),
	('bibendum', 'kposner19@elpais.com', '2020/06/03'),
	('etiam', 'amiddis11@google.com', '2020/06/03'),
	('pellentesque eget', 'fautied@bandcamp.com', '2022/04/22'),
	('ligula sit', 'rlaffin3@samsung.com', '2021/10/11'),
	('ut tellus', 'amiddis11@google.com', '2022/02/01'),
	('amet diam in', 'odonnett2@microsoft.com', '2020/08/30');

	insert into Podcast (nome_podcast, podcaster, info) values 
    ('id justo sit', 'cyate3@uol.com.br', 'Right-sized discrete project'),
    ('tellus', 'cyate3@uol.com.br', 'Optimized content-based success'),
    ('phasellus', 'mroelofs5@acquirethisname.com', 'Horizontal mobile hierarchy'),
    ('augue luctus tincidunt', 'xseage8@ibm.com', 'Synergized non-volatile local area network'),
    ('vivamus vestibulum sagittis', 'mscanderet9@google.pl', 'Compatible directional concept'),
    ('ac neque', 'dconkiea@digg.com', 'Fully-configurable stable time-frame'),
    ('nulla integer pede', 'dconkiea@digg.com', 'Implemented static firmware'),
    ('at vulputate vitae', 'zfluryb@yellowbook.com', 'Vision-oriented zero defect model'),
    ('vitae ipsum aliquam', 'dsandsallanc@diigo.com', 'Open-architected system-worthy help-desk'),
    ('faucibus orci', 'zfluryb@yellowbook.com', 'Multi-lateral local toolset'),
    ('vitae ipsum', 'robradaned@va.gov', 'Inverse non-volatile groupware'),
    ('porttitor lorem', 'jsmalef@devhub.com', 'Business-focused needs-based complexity'),
    ('suspendisse', 'kgauchh@paypal.com', 'Mandatory clear-thinking array'),
    ('lacinia', 'grougheyj@photobucket.com', 'Balanced upward-trending adapter'),
    ('in consequat ut', 'grougheyj@photobucket.com', 'Proactive responsive structure'),
    ('feugiat non', 'nbole0@yale.edu', 'Reduced bi-directional local area network'),
    ('sem', 'mcristofarik@123-reg.co.uk', 'Focused web-enabled task-force'),
    ('sapien', 'snottlem@marriott.com', 'Enhanced 4th generation secured line'),
    ('nec dui', 'nbole0@yale.edu', 'Multi-tiered bandwidth-monitored internet solution'),
    ('nibh', 'bjolln@sun.com', 'Realigned 24 hour time-frame'),
    ('diam neque vestibulum', 'kgauchh@paypal.com', 'Down-sized attitude-oriented service-desk'),
    ('sed nisl nunc', 'dmilvarnie1@desdev.cn', 'Open-architected scalable firmware'),
    ('est congue', 'alissendenx@over-blog.com', 'Polarised 6th generation data-warehouse'),
    ('leo', 'jsmalef@devhub.com', 'Business-focused asynchronous definition'),
    ('sapien', 'astiegaro@google.ru', 'Cloned mobile access'),
    ('ac tellus', 'bjolln@sun.com', 'Cross-platform zero tolerance neural-net'),
    ('quis lectus', 'dmilvarnie1@desdev.cn', 'Adaptive reciprocal matrix'),
    ('dui', 'fpiffp@ebay.co.uk', 'Open-source next generation hub'),
    ('pharetra magna', 'mjeremaesq@nytimes.com', 'Enterprise-wide demand-driven forecast'),
    ('amet justo morbi', 'lisaak2@cnet.com', 'Pre-emptive dynamic product'),
    ('leo maecenas', 'rschoberr@51.la', 'Devolved optimal encoding'),
    ('quis', 'ewhates@noaa.gov', 'Networked clear-thinking Graphical User Interface'),
    ('dis', 'kbugsg@nature.com', 'Fully-configurable zero administration migration'),
    ('faucibus orci', 'wsidnellu@hp.com', 'Vision-oriented 24/7 paradigm'),
    ('pharetra', 'wsidnellu@hp.com', 'Exclusive bandwidth-monitored knowledge user'),
    ('a ipsum', 'bmurkusv@hostgator.com', 'Reactive holistic analyzer'),
    ('id nisl', 'kmcilwainew@lulu.com', 'Multi-lateral tangible open architecture'),
    ('libero rutrum ac', 'ewhates@noaa.gov', 'Team-oriented user-facing orchestration'),
    ('eu nibh', 'chardeyy@earthlink.net', 'Synergistic modular paradigm'),
    ('magna vulputate luctus', 'chardeyy@earthlink.net', 'Inverse local structure'),
    ('ante', 'asleneyz@wordpress.com', 'Synergized object-oriented challenge'),
    ('sit', 'eashmore10@arizona.edu', 'Self-enabling holistic ability'),
    ('ultrices', 'uhulburt11@qq.com', 'Streamlined transitional infrastructure'),
    ('diam vitae', 'mroelofs5@acquirethisname.com', 'Grass-roots dedicated support'),
    ('in', 'robradaned@va.gov', 'Profound bandwidth-monitored moderator'),
    ('cursus vestibulum proin', 'kbugsg@nature.com', 'Right-sized real-time moderator'),
    ('consequat', 'uhulburt11@qq.com', 'Realigned zero defect architecture'),
    ('suscipit a feugiat', 'eashmore10@arizona.edu', 'Visionary bottom-line frame'),
    ('turpis a', 'scovil12@pen.io', 'Realigned systemic structure'),
    ('mauris sit', 'asalvadori13@princeton.edu', 'Reactive zero defect projection'),
    ('dolor vel', 'crickersy14@printfriendly.com', 'Advanced bottom-line benchmark'),
    ('vulputate luctus', 'kkimmons15@wikispaces.com', 'Managed optimizing product'),
    ('enim', 'asalvadori13@princeton.edu', 'Synchronised full-range database'),
    ('tortor eu', 'mmaywarde@prweb.com', 'Advanced secondary throughput'),
    ('cras non velit', 'mjeremaesq@nytimes.com', 'Total coherent customer loyalty'),
    ('at feugiat non', 'snottlem@marriott.com', 'Balanced optimal local area network'),
    ('blandit non', 'kmcilwainew@lulu.com', 'Innovative responsive encryption'),
    ('dapibus dolor', 'scovil12@pen.io', 'Integrated heuristic focus group'),
    ('velit eu', 'mmaywarde@prweb.com', 'Business-focused interactive contingency'),
    ('ut', 'csillitoi@acquirethisname.com', 'Exclusive static hierarchy'),
    ('cum sociis', 'scastellan16@google.fr', 'Cross-group intermediate challenge'),
    ('consequat metus sapien', 'econnick17@simplemachines.org', 'Fundamental real-time installation'),
    ('eget rutrum at', 'sdeinhardt18@goo.gl', 'Pre-emptive next generation methodology'),
    ('nullam varius nulla', 'kkimmons15@wikispaces.com', 'Progressive zero defect throughput'),
    ('montes nascetur', 'bjolln@sun.com', 'Automated incremental focus group'),
    ('sit amet', 'xseage8@ibm.com', 'Versatile systematic parallelism'),
    ('sed lacus', 'ffairman19@tripod.com', 'Open-architected 24 hour benchmark'),
    ('imperdiet', 'mcallen6@taobao.com', 'Open-source fresh-thinking open architecture'),
    ('ipsum', 'scastellan16@google.fr', 'Automated discrete local area network'),
    ('sit amet consectetuer', 'asleneyz@wordpress.com', 'Re-engineered web-enabled hierarchy'),
    ('odio', 'olefeaver1a@wordpress.org', 'Seamless intangible task-force'),
    ('vestibulum sit', 'mcristofarik@123-reg.co.uk', 'Enhanced intangible forecast'),
    ('fusce lacus', 'sdeinhardt18@goo.gl', 'Switchable system-worthy internet solution'),
    ('eros elementum pellentesque', 'econnick17@simplemachines.org', 'Reactive actuating synergy'),
    ('sapien', 'dsandsallanc@diigo.com', 'Decentralized bi-directional ability'),
    ('diam neque', 'astiegaro@google.ru', 'Focused zero tolerance algorithm'),
    ('semper interdum', 'mscreas1d@dion.ne.jp', 'Polarised uniform emulation'),
    ('turpis', 'ffairman19@tripod.com', 'Centralized neutral pricing structure'),
    ('rutrum', 'mcallen6@taobao.com', 'Stand-alone zero administration framework'),
    ('in magna bibendum', 'cyate3@uol.com.br', 'Fundamental system-worthy framework'),
    ('integer', 'fchint@1und1.de', 'Secured client-driven infrastructure'),
    ('turpis donec', 'crickersy14@printfriendly.com', 'Networked hybrid parallelism'),
    ('leo', 'achalcraftl@washington.edu', 'Horizontal needs-based moderator'),
    ('enim lorem', 'achalcraftl@washington.edu', 'Phased zero tolerance emulation'),
    ('lobortis', 'mscreas1d@dion.ne.jp', 'Customizable regional artificial intelligence'),
    ('in hac habitasse', 'bjolln@sun.com', 'Secured solution-oriented portal'),
    ('donec', 'csillitoi@acquirethisname.com', 'Monitored systemic matrix'),
    ('interdum mauris ullamcorper', 'chardeyy@earthlink.net', 'Synchronised scalable hardware'),
    ('lobortis vel dapibus', 'nnisot1c@unblog.fr', 'Business-focused cohesive interface'),
    ('purus eu', 'mdorrance1b@github.com', 'Diverse grid-enabled approach'),
    ('vel augue', 'bmurkusv@hostgator.com', 'Exclusive mission-critical function'),
    ('curae', 'mscanderet9@google.pl', 'Ergonomic empowering initiative'),
    ('penatibus et magnis', 'olefeaver1a@wordpress.org', 'Re-contextualized disintermediate solution'),
    ('phasellus id sapien', 'alissendenx@over-blog.com', 'Open-architected well-modulated info-mediaries'),
    ('luctus nec', 'fchint@1und1.de', 'Digitized executive migration'),
    ('nulla mollis molestie', 'jsmalef@devhub.com', 'Business-focused foreground leverage'),
    ('nascetur ridiculus', 'nnisot1c@unblog.fr', 'Right-sized logistical complexity'),
    ('augue luctus tincidunt', 'rschoberr@51.la', 'Down-sized exuding contingency'),
    ('justo', 'mdorrance1b@github.com', 'Grass-roots contextually-based hardware'),
    ('nascetur ridiculus mus', 'lisaak2@cnet.com', 'Quality-focused uniform knowledge base');

INSERT INTO Canzone (titolo, album, durata) VALUES 
    ('purus', 1, 42),
    ('vitae', 1, 226),
    ('etiam', 1, 481),
    ('vivamus in felis', 1, 59),
    ('toro', 1, 544),
    ('eget massa', 2, 103),
    ('erat volutpat', 2, 315),
    ('volutpat convallis', 2, 15),
    ('euismod', 3, 251),
    ('ac', 3, 267),
    ('magnis', 3, 400),
    ('eros', 4, 464),
    ('tincidunt', 4, 498),
    ('enim', 4, 117),
    ('ultrices posuere cubilia', 4, 433),
    ('volutpat', 5, 465),
    ('quis turpis', 5, 368),
    ('id turpis', 5, 585),
    ('mattis odio', 5, 519),
    ('varius integer', 6, 220),
    ('morbi', 6, 371),
    ('ligula', 6, 477),
    ('hac habitasse platea', 6, 544),
    ('adipiscing elit', 7, 541),
    ('sit amet justo', 7, 100),
    ('ut', 7, 545),
    ('mauris sit amet', 7, 33),
    ('volutpat dui', 8, 484),
    ('id turpis', 8, 97),
    ('nulla elit', 8, 184),
    ('velit eu', 9, 384),
    ('eget', 9, 69),
    ('luctus et', 9, 70),
    ('duis bibendum felis', 10, 419),
    ('nec dui luctus', 10, 47),
    ('orci', 10, 554),
    ('posuere cubilia', 11, 533),
    ('nunc proin at', 11, 507),
    ('nunc', 11, 294),
    ('a', 12, 70),
    ('at dolor', 12, 194),
    ('dignissim', 12, 55),
    ('viverra pede', 12, 102),
    ('nisi venenatis', 13, 342),
    ('nulla', 13, 217),
    ('pede posuere nonummy', 13, 205),
    ('ultrices', 13, 192),
    ('morbi quis', 13, 165),
    ('a suscipit nulla', 14, 6),
    ('lobortis convallis tortor', 14, 154),
    ('nisl', 14, 470),
    ('eu nibh', 14, 519),
    ('at', 14, 542),
    ('ut ultrices', 15, 282),
    ('in tempor', 15, 217),
    ('aliquam erat', 15, 568),
    ('commodo vulputate justo', 15, 392),
    ('integer', 15, 575),
    ('donec', 16, 479),
    ('integer ac', 16, 454),
    ('in blandit', 16, 171),
    ('sit amet', 16, 106),
    ('ullamcorper augue', 16, 554),
    ('nec sem duis', 17, 83),
    ('ipsum', 17, 63),
    ('nulla elit ac', 17, 181),
    ('nibh in lectus', 17, 261),
    ('quam', 17, 15),
    ('rutrum', 18, 436),
    ('ac nulla', 18, 144),
    ('duis aliquam', 18, 380),
    ('tellus', 18, 15),
    ('sodales', 19, 145),
    ('augue', 19, 8),
    ('vulputate luctus', 19, 95),
    ('rhoncus aliquet', 20, 238),
    ('ac', 20, 171),
    ('rhoncus', 20, 373),
    ('nulla', 20, 420),
    ('in', 21, 205),
    ('mauris enim leo', 21, 505),
    ('massa volutpat', 21, 151),
    ('nulla suscipit ligula', 22, 1),
    ('interdum', 22, 367),
    ('praesent', 22, 136),
    ('eleifend luctus', 23, 371),
    ('convallis nunc proin', 23, 560),
    ('ultrices erat', 23, 465),
    ('pellentesque eget nunc', 23, 209),
    ('ultrices', 24, 224),
    ('leo pellentesque', 24, 22),
    ('sagittis', 24, 154),
    ('morbi ut', 24, 133),
    ('quis augue luctus', 24, 112),
    ('duis', 25, 530),
    ('erat eros viverra', 25, 107),
    ('molestie', 25, 577),
    ('ultrices', 25, 559),
    ('potenti', 26, 78),
    ('pede libero quis', 26, 324),
    ('odio', 26, 55),
    ('venenatis lacinia aenean', 26, 532),
    ('ut suscipit a', 27, 319),
    ('risus dapibus', 27, 329),
    ('elementum pellentesque', 27, 575),
    ('volutpat convallis morbi', 28, 478),
    ('duis', 28, 542),
    ('in consequat ut', 28, 8),
    ('libero ut', 28, 60),
    ('leo pellentesque', 29, 477),
    ('at feugiat', 29, 271),
    ('at velit', 29, 123),
    ('sollicitudin ut suscipit', 29, 348),
    ('et', 29, 270),
    ('arcu', 30, 305),
    ('lectus', 30, 223),
    ('fusce', 30, 556),
    ('tortor', 31, 57),
    ('consequat', 31, 467),
    ('eleifend quam', 31, 82),
    ('aliquet ultrices', 31, 572),
    ('quis lectus suspendisse', 32, 177),
    ('curae nulla dapibus', 32, 262),
    ('sit', 32, 367),
    ('pharetra magna vestibulum', 32, 595),
    ('maecenas tincidunt lacus', 32, 321),
    ('vel', 33, 544),
    ('platea', 33, 27),
    ('magna', 33, 365),
    ('sem duis aliquam', 33, 483),
    ('ligula', 33, 341),
    ('lorem integer tincidunt', 34, 426),
    ('quis odio consequat', 34, 518),
    ('bibendum', 34, 448),
    ('vel augue vestibulum', 34, 30),
    ('nulla suspendisse potenti', 35, 155),
    ('metus', 35, 286),
    ('luctus cum', 35, 332),
    ('blandit', 35, 573),
    ('dapibus duis', 36, 35),
    ('enim in tempor', 36, 440),
    ('velit donec diam', 36, 298),
    ('et ultrices posuere', 36, 494),
    ('justo sollicitudin ut', 37, 538),
    ('blandit', 37, 280),
    ('eget', 37, 291),
    ('condimentum curabitur', 37, 31),
    ('sit amet', 38, 318),
    ('ante', 38, 420),
    ('sapien', 38, 62),
    ('sit amet sem', 38, 208),
    ('lorem ipsum dolor', 39, 327),
    ('vel nulla', 39, 101),
    ('nisl ut', 39, 60),
    ('leo', 39, 236),
    ('amet', 40, 193),
    ('accumsan odio', 40, 306),
    ('libero quis orci', 40, 482),
    ('elementum eu interdum', 40, 267),
    ('proin eu mi', 41, 408),
    ('donec', 41, 330),
    ('fusce congue', 41, 427),
    ('sociis natoque', 41, 571),
    ('ac nibh', 41, 584),
    ('duis faucibus accumsan', 42, 112),
    ('sed sagittis', 42, 306),
    ('vivamus metus arcu', 42, 182),
    ('diam', 42, 419),
    ('vestibulum sit amet', 42, 222),
    ('cubilia', 43, 208),
    ('semper', 43, 39),
    ('nulla dapibus', 43, 227),
    ('commodo placerat praesent', 43, 415),
    ('ipsum', 43, 506),
    ('tempus', 44, 369),
    ('diam', 44, 478),
    ('proin at turpis', 44, 535),
    ('eu felis fusce', 44, 465),
    ('vel', 44, 98),
    ('lacinia sapien', 45, 335),
    ('odio justo', 45, 591),
    ('sapien non mi', 45, 321),
    ('vel', 46, 187),
    ('orci mauris', 46, 375),
    ('congue diam', 46, 470),
    ('massa', 46, 517),
    ('orci pede venenatis', 47, 45),
    ('ut erat id', 47, 125),
    ('phasellus', 47, 265),
    ('dictumst morbi', 47, 419),
    ('nibh', 47, 95),
    ('donec quis', 47, 222),
    ('id nisl venenatis', 48, 350),
    ('quis lectus suspendisse', 48, 599),
    ('aliquet massa', 48, 284),
    ('nec dui luctus', 48, 586),
    ('etiam', 48, 358),
    ('mauris vulputate elementum', 49, 141),
    ('nisl duis', 49, 417),
    ('nulla sed accumsan', 49, 3),
    ('condimentum neque', 49, 101),
    ('felis', 49, 191),
    ('eget massa tempor', 49, 5),
    ('neque sapien', 49, 424),
    ('cras', 50, 374),
    ('ultrices', 50, 7),
    ('dapibus duis at', 50, 158),
    ('tristique', 50, 120),
    ('donec ut', 50, 373),
    ('consequat in consequat', 51, 406),
    ('bibendum imperdiet', 51, 151),
    ('praesent id massa', 51, 388),
    ('sapien', 51, 363),
    ('donec', 51, 309),
    ('nulla', 52, 371),
    ('a ipsum', 52, 255),
    ('justo sit amet', 52, 321),
    ('hac', 52, 197),
    ('elit proin', 52, 509),
    ('suspendisse accumsan tortor', 53, 84),
    ('metus aenean fermentum', 53, 31),
    ('curae nulla', 53, 3),
    ('dictumst', 53, 476),
    ('vel ipsum praesent', 53, 167),
    ('eros elementum pellentesque', 54, 590),
    ('natoque penatibus et', 54, 62),
    ('facilisi', 54, 38),
    ('nisl ut', 54, 333),
    ('ut nulla sed', 54, 16),
    ('cubilia', 55, 136),
    ('est', 55, 33),
    ('morbi ut', 55, 594),
    ('sapien', 55, 525),
    ('augue', 56, 427),
    ('sodales sed tincidunt', 56, 538),
    ('nunc proin at', 56, 36),
    ('luctus et ultrices', 56, 411),
    ('metus', 56, 310),
    ('aenean', 57, 117),
    ('est quam', 57, 532),
    ('lacus curabitur', 57, 405),
    ('purus aliquet', 57, 223),
    ('augue aliquam', 58, 381),
    ('aliquam', 58, 523),
    ('vestibulum ante', 58, 306),
    ('vel', 58, 195),
    ('volutpat', 59, 527),
    ('nec nisi', 59, 382),
    ('vestibulum velit id', 59, 349),
    ('accumsan felis', 59, 568),
    ('donec pharetra magna', 59, 103),
    ('aliquam convallis', 59, 202),
    ('bibendum', 60, 186),
    ('erat', 60, 378),
    ('eros elementum pellentesque', 60, 174),
    ('amet diam in', 60, 427),
    ('nulla', 60, 469),
    ('volutpat', 61, 358),
    ('eget', 61, 578),
    ('quam pede lobortis', 61, 383),
    ('hac habitasse', 61, 57),
    ('suspendisse ornare', 61, 105),
    ('morbi', 61, 226),
    ('primis', 61, 154),
    ('libero', 62, 291),
    ('molestie', 62, 62),
    ('rutrum at lorem', 62, 229),
    ('consequat metus', 62, 398),
    ('consequat varius', 62, 110),
    ('ultrices posuere cubilia', 62, 96),
    ('non mauris', 62, 328),
    ('donec ut', 63, 505),
    ('vestibulum vestibulum', 63, 162),
    ('in hac', 63, 51),
    ('at', 63, 359),
    ('nonummy', 63, 413),
    ('tristique tortor', 63, 278),
    ('in congue', 64, 576),
    ('semper', 64, 268),
    ('vulputate vitae nisl', 64, 179),
    ('praesent blandit', 64, 385),
    ('xdvr', 64, 104),
    ('sagittis nam congue', 65, 138),
    ('tortor', 65, 70),
    ('ut', 65, 415),
    ('sg4mi', 65, 223),
    ('platea dictumst', 65, 36),
    ('in', 66, 351),
    ('volutpat', 66, 386),
    ('ridiculus mus vivamus', 66, 166),
    ('natoque penatibus et', 66, 249),
    ('pulvinar nulla', 66, 384),
    ('lectus', 67, 417),
    ('nisi nam', 67, 272),
    ('vel nisl', 67, 438),
    ('eu massa donec', 67, 62),
    ('vestibulum', 67, 343),
    ('imperdiet sapien', 67, 14),
    ('id ligula', 68, 91),
    ('augue a', 68, 496),
    ('amet eleifend pede', 68, 204),
    ('vel', 68, 226),
    ('est risus auctor', 68, 419),
    ('morbi quis tortor', 68, 141),
    ('potenti in eleifend', 69, 424),
    ('turpis donec', 69, 134),
    ('ultricies eu', 69, 334),
    ('nibh fusce lacus', 69, 5),
    ('aenean lectus pellentesque', 69, 201),
    ('mafia', 69, 24),
    ('mattis', 70, 390),
    ('lorem', 70, 104),
    ('nulla', 70, 551),
    ('pulvinar', 70, 1),
    ('justo', 70, 410),
    ('in sagittis', 71, 448),
    ('nisl', 71, 355),
    ('ultrices', 71, 389),
    ('habitasse', 71, 370),
    ('suspendisse potenti', 71, 36),
    ('nec molestie sed', 71, 418),
    ('nisi', 71, 441),
    ('tincidunt', 72, 263),
    ('pellentesque viverra pede', 72, 116),
    ('pede', 73, 333),
    ('diam', 73, 382),
    ('in sapien iaculis', 73, 369),
    ('in faucibus orci', 73, 460),
    ('habitasse', 73, 232),
    ('mauris lacinia sapien', 74, 512),
    ('viverra', 74, 597),
    ('felis sed interdum', 74, 282),
    ('congue', 74, 102),
    ('elit', 74, 77),
    ('quis tortor id', 74, 52),
    ('sapien', 74, 185),
    ('imperdiet et', 74, 499),
    ('sapien urna', 74, 127),
    ('nunc donec', 74, 303),
    ('lacus morbi sem', 74, 142),
    ('ut odio', 75, 68),
    ('justo morbi ut', 75, 219),
    ('id ligula suspendisse', 75, 482),
    ('amet', 75, 417),
    ('erat fermentum justo', 75, 498),
    ('luctus et ultrices', 75, 444),
    ('vehicula condimentum', 75, 598),
    ('id luctus nec', 75, 569),
    ('erat', 75, 473),
    ('ultrices posuere', 76, 187),
    ('justo pellentesque viverra', 76, 237),
    ('mauris enim leo', 76, 288),
    ('pretium quis', 76, 18),
    ('lectus', 76, 163),
    ('metus sapien ut', 76, 40),
    ('sit amet justo', 76, 524),
    ('sodales', 76, 423),
    ('id lobortis', 77, 564),
    ('sed', 77, 55),
    ('amet erat nulla', 77, 293),
    ('leo pellentesque ultrices', 77, 187),
    ('volutpat sapien', 77, 210),
    ('nisl duis ac', 77, 19),
    ('integer ac', 77, 303),
    ('tempus', 77, 232),
    ('proin interdum', 78, 370),
    ('in consequat', 78, 443),
    ('nisi nam', 78, 423),
    ('eleifend donec ut', 78, 480),
    ('dui vel nisl', 78, 14),
    ('erat', 78, 526),
    ('consequat in consequat', 78, 214),
    ('lectus pellentesque', 78, 204),
    ('vel sem sed', 78, 214),
    ('tristique tortor', 79, 214),
    ('curae duis', 79, 525),
    ('in', 79, 532),
    ('morbi sem', 79, 519),
    ('lorem', 79, 68),
    ('eget', 79, 451),
    ('nulla nunc', 79, 83),
    ('tellus semper', 80, 570),
    ('enim', 80, 219),
    ('nulla eget', 80, 131),
    ('penatibus', 81, 416),
    ('sit amet sapien', 81, 348),
    ('vulputate justo', 81, 323),
    ('tortor', 81, 19),
    ('vestibulum', 81, 176),
    ('purus sit', 81, 494),
    ('vel nulla', 81, 218),
    ('phasellus', 82, 560),
    ('et', 82, 578),
    ('et ultrices posuere', 82, 353),
    ('est donec', 82, 61),
    ('leo', 82, 201),
    ('enim leo', 82, 230),
    ('mattis pulvinar nulla', 82, 586),
    ('massa id nisl', 82, 217),
    ('in hac habitasse', 82, 576),
    ('lacus', 83, 382),
    ('praesent id', 83, 320),
    ('diam id', 83, 202),
    ('quisque', 83, 155),
    ('nulla pede ullamcorper', 83, 339),
    ('libero', 83, 495),
    ('adipiscing', 83, 370),
    ('posuere cubilia curae', 83, 468),
    ('morbi a ipsum', 84, 476),
    ('cras', 84, 308),
    ('sapien ut', 84, 47),
    ('mi sit', 84, 537),
    ('enim lorem', 84, 470),
    ('amet', 84, 352),
    ('vel augue', 84, 439),
    ('nisi', 84, 241),
    ('proin leo', 85, 39),
    ('id consequat', 85, 226),
    ('tempor', 85, 204),
    ('viverra diam', 85, 101),
    ('ipsum primis', 85, 479),
    ('lacinia', 85, 409),
    ('suspendisse potenti', 85, 542),
    ('neque', 86, 311),
    ('nonummy maecenas tincidunt', 86, 396),
    ('lorem', 86, 573),
    ('tempor convallis nulla', 86, 64),
    ('morbi', 86, 592),
    ('quam nec dui', 86, 487),
    ('sem fusce consequat', 86, 437),
    ('id mauris', 87, 585),
    ('in purus eu', 87, 252),
    ('nulla', 87, 195),
    ('nisl', 87, 548),
    ('metus sapien', 87, 3),
    ('nulla quisque arcu', 87, 135),
    ('curabitur convallis', 88, 387),
    ('justo', 88, 181),
    ('phasellus sit', 88, 21),
    ('nunc nisl', 88, 268),
    ('eros viverra eget', 88, 505),
    ('eu', 88, 312),
    ('vestibulum ante ipsum', 88, 307),
    ('ut tellus nulla', 88, 293),
    ('condimentum', 89, 470),
    ('id', 89, 85),
    ('diam in magna', 89, 136),
    ('risus praesent', 89, 223),
    ('pede libero', 89, 1),
    ('sit amet', 89, 60),
    ('elit', 89, 541),
    ('dapibus nulla', 89, 379),
    ('non', 90, 598),
    ('justo pellentesque', 90, 149),
    ('natoque penatibus et', 90, 332),
    ('etiam', 90, 528),
    ('vel dapibus at', 90, 75),
    ('ultrices enim', 90, 39),
    ('in congue', 90, 208),
    ('elementum', 90, 256),
    ('diam cras pellentesque', 90, 265),
    ('lacus morbi', 90, 296),
    ('dolor', 90, 520),
    ('leo odio condimentum', 90, 237),
    ('maecenas pulvinar lobortis', 90, 546),
    ('ut massa', 90, 137),
    ('ornare', 90, 556),
    ('at', 90, 553),
    ('posuere', 90, 49),
    ('brutti sogni', 90, 3),
    ('ut odio cras', 90, 52),
    ('platea', 91, 452),
    ('ornare', 91, 196),
    ('facilisi', 91, 571),
    ('velit vivamus', 91, 43),
    ('mauris non', 91, 208),
    ('interdum', 91, 463),
    ('felis donec', 91, 19),
    ('eget semper', 91, 219),
    ('meth', 91, 68),
    ('blandit nam nulla', 91, 437),
    ('venenatis', 91, 462),
    ('vitae ipsum aliquam', 91, 530),
    ('amet', 91, 73),
    ('morbi', 91, 421),
    ('varius', 91, 78),
    ('phasellus in', 91, 28),
    ('felis sed', 91, 376),
    ('id pretium', 91, 328),
    ('volutpat', 91, 312),
    ('hendrerit at', 92, 226),
    ('diam', 93, 274),
    ('vulputate nonummy', 94, 191),
    ('bibendum', 95, 555),
    ('etiam', 96, 289),
    ('pellentesque eget', 97, 428),
    ('ligula sit', 98, 253),
    ('ut tellus', 99, 504),
    ('amet diam in', 100, 351);
