DROP TABLE IF EXISTS Utente CASCADE;
DROP TABLE IF EXISTS Artista CASCADE;
DROP TABLE IF EXISTS Podcaster CASCADE;
DROP TABLE IF EXISTS Album CASCADE;
DROP TABLE IF EXISTS Podcast CASCADE;
DROP TABLE IF EXISTS Canzone CASCADE;

CREATE TABLE Utente (
	mail varchar (50) primary key,
	nome varchar (50),
	cognome varchar (50),
	stato char (2),
	password varchar (30) not null,
	nickname varchar (20) not null unique,
	followers int,
	following int
);

CREATE TABLE Artista (
	mail varchar (50) primary key,
	nome varchar (50),
	cognome varchar (50),
	stato char (2),
	password varchar (30) not null,
	followers int,
	nome_artista varchar (30) not null unique,
	info varchar (200),
	label varchar (20),
	ascolti_mensili int
);

CREATE TABLE Podcaster (
	mail VARCHAR(50) primary key,
	nome VARCHAR(50),
	cognome VARCHAR(50),
	stato VARCHAR(50),
	password VARCHAR(50) not null unique,
	followers INT,
	nome_podcaster VARCHAR(30),
	info VARCHAR(200)
);

CREATE TABLE Album (
	titolo varchar (30),
	artista varchar (50),
	data_pubblicazione date,
	primary key (titolo, artista)
);

CREATE TABLE Podcast (
	nome_podcast VARCHAR(30),
	podcaster VARCHAR(50),
	info VARCHAR(100),
	primary key (nome_podcast, podcaster),
	FOREIGN KEY (podcaster) REFERENCES Podcaster(mail)
);

CREATE TABLE Canzone (
	titolo varchar (30),
	album varchar (30),
	durata int,
	primary key (titolo, album)
);

INSERT INTO Utente (mail, nome, cognome, stato, password, nickname, followers, following) values 
	('msier0@fotki.com', 'Malinda', 'Sier', 'HK', '0PwstJO', 'msier0', 19, 684),
	('aabbie1@goodreads.com', 'Aprilette', 'Abbie', 'CN', 'VSdEPik4d6T', 'aabbie1', 446, 72),
	('dscholfield2@opera.com', 'Donal', 'Scholfield', 'PT', 'J0oX2Do', 'dscholfield2', 624, 531),
	('pspellacey3@issuu.com', 'Paul', 'Spellacey', 'ID', '5R9Eu6KjLL', 'pspellacey3', 44, 441),
	('kmalyj4@adobe.com', 'Kristien', 'Malyj', 'GB', 'VkLWE8', 'kmalyj4', 582, 714),
	('tluetkemeyer5@discuz.net', 'Tracey', 'Luetkemeyer', 'BR', 'kKnaQKCW', 'tluetkemeyer5', 915, 401),
	('ydorton6@disqus.com', 'Yorgos', 'Dorton', 'ID', 'pyyMH5T5aOu', 'ydorton6', 911, 965),
	('jgaythwaite7@whitehouse.gov', 'Joycelin', 'Gaythwaite', 'GM', 'k0tSxW', 'jgaythwaite7', 915, 699),
	('ksecret8@t-online.de', 'Kimbra', 'Secret', 'JP', '7g1Auwl5g', 'ksecret8', 50, 354),
	('iespy9@reuters.com', 'Ingar', 'Espy', 'RU', 'mZxivT8m', 'iespy9', 365, 977),
	('grosenhaupta@jalbum.net', 'Gratia', 'Rosenhaupt', 'UY', 'iTVVXyL', 'grosenhaupta', 717, 485),
	('jcriminb@economist.com', 'Jaine', 'Crimin', 'CN', 'zb2FNF8qM', 'jcriminb', 127, 605),
	('lshanksc@dropbox.com', 'Lelah', 'Shanks', 'NZ', 'al4cFZ5z', 'lshanksc', 274, 373),
	('fnastd@usatoday.com', 'Faber', 'Nast', 'PH', '0sUITas', 'fnastd', 572, 69),
	('ogriniove@sakura.ne.jp', 'Oliviero', 'Griniov', 'US', 'fvBTUL2YBP', 'ogriniove', 260, 281),
	('afoxallf@twitter.com', 'Ax', 'Foxall', 'BR', 'qB3IPzOQxZN', 'afoxallf', 77, 845),
	('ahuycheg@geocities.jp', 'Ambrosius', 'Huyche', 'EC', 'yDstYoby', 'ahuycheg', 419, 183),
	('jkermith@wunderground.com', 'Jolee', 'Kermit', 'CN', 'YsT6vDpGwc2M', 'jkermith', 844, 239),
	('escoblei@weebly.com', 'Elspeth', 'Scoble', 'CN', 'vAgVdSU', 'escoblei', 663, 881),
	('jtimlettj@sourceforge.net', 'Jorey', 'Timlett', 'CN', 'omvdPlrniI', 'jtimlettj', 914, 585),
	('wmalyk@hubpages.com', 'Welby', 'Maly', 'ID', 'xtvdl63f', 'wmalyk', 434, 289),
	('cmenisl@cdc.gov', 'Cyril', 'Menis', 'CZ', '8QK5SXwaRaVo', 'cmenisl', 772, 885),
	('lfollinm@nationalgeographic.com', 'Lorelei', 'Follin', 'RU', '8dZlYRdU9V', 'lfollinm', 919, 771),
	('ljowittn@bloglovin.com', 'Leigh', 'Jowitt', 'ID', 'jJCrpHmN', 'ljowittn', 606, 131),
	('bwhitmarsho@reference.com', 'Berny', 'Whitmarsh', 'ID', 'WCEWSaZrZ', 'bwhitmarsho', 806, 732),
	('jlumlyp@yellowbook.com', 'Janelle', 'Lumly', 'RU', 'UCDMA6LFDYvV', 'jlumlyp', 900, 223),
	('zjeppsq@elegantthemes.com', 'Zebulon', 'Jepps', 'ID', 'v39F1SfH', 'zjeppsq', 845, 891),
	('hhallorr@house.gov', 'Hermann', 'Hallor', 'CL', 'BR8Y7lTc', 'hhallorr', 113, 321),
	('esyslands@dailymail.co.uk', 'Erin', 'Sysland', 'CN', 'ytgRmwJ', 'esyslands', 518, 403),
	('darstallt@house.gov', 'Dianna', 'Arstall', 'CA', 'xIYpr3ZEYC', 'darstallt', 48, 38),
	('mokelleheru@networkadvertising.org', 'Mikol', 'O'' Kelleher', 'CO', 'qOcTEk6pgjH1', 'mokelleheru', 84, 80),
	('lwellerv@huffingtonpost.com', 'Lin', 'Weller', 'CN', 'S3CmhyEC', 'lwellerv', 137, 227),
	('lpinkettw@theglobeandmail.com', 'Lacee', 'Pinkett', 'CZ', 'dqMh166V2', 'lpinkettw', 974, 46),
	('lboughtflowerx@cdc.gov', 'Lisabeth', 'Boughtflower', 'US', 'EZQfETmIl', 'lboughtflowerx', 869, 323),
	('oshankliny@domainmarket.com', 'Oby', 'Shanklin', 'CN', 'uETKvRLC', 'oshankliny', 241, 344),
	('gisacqz@google.co.uk', 'Gustave', 'Isacq', 'CN', 'EH524lSWrIc', 'gisacqz', 881, 915),
	('bsimoneau10@google.ca', 'Baxter', 'Simoneau', 'RU', 'xnN4etjR', 'bsimoneau10', 767, 56),
	('jtayt11@marketwatch.com', 'Janith', 'Tayt', 'PT', '6dwMf1hKeIj', 'jtayt11', 708, 292),
	('rolsson12@arizona.edu', 'Raynard', 'Olsson', 'FM', 'F4D3pKSMwZ2', 'rolsson12', 958, 786),
	('sblamphin13@yahoo.co.jp', 'Silvanus', 'Blamphin', 'PH', 'V7a54G9TyeU', 'sblamphin13', 359, 753),
	('gheatherington14@cloudflare.com', 'Garner', 'Heatherington', 'PH', 'yqUYr9RUPr', 'gheatherington14', 110, 695),
	('charbin15@bloglines.com', 'Cammi', 'Harbin', 'ID', 'x1sns19WGh', 'charbin15', 459, 47),
	('sduns16@google.com.br', 'Seumas', 'Duns', 'CN', '6HZQwGaMZr5S', 'sduns16', 67, 62),
	('hrousel17@nytimes.com', 'Heywood', 'Rousel', 'HU', '9GcK2552', 'hrousel17', 783, 727),
	('blandon18@soup.io', 'Briney', 'Landon', 'US', 'N1EJMG', 'blandon18', 327, 81),
	('manderbrugge19@vistaprint.com', 'Moss', 'Anderbrugge', 'ID', 'h8eR1D', 'manderbrugge19', 190, 378),
	('dcooney1a@drupal.org', 'Dulcy', 'Cooney', 'CN', 'xyIo4UZ', 'dcooney1a', 454, 664),
	('lstothert1b@scientificamerican.com', 'Lia', 'Stothert', 'CN', 'wbu61n35lmE', 'lstothert1b', 553, 981),
	('charradence1c@friendfeed.com', 'Christy', 'Harradence', 'BR', 'kCQZmAWoX', 'charradence1c', 649, 289),
	('ehuxley1d@icq.com', 'Erich', 'Huxley', 'US', 'pP5s1L', 'ehuxley1d', 767, 883),
	('cdelleschi1e@nbcnews.com', 'Coleen', 'Delleschi', 'PT', 'rD4l9sVTys', 'cdelleschi1e', 440, 602),
	('rneligan1f@kickstarter.com', 'Robinson', 'Neligan', 'UY', 'b3494HRaL', 'rneligan1f', 75, 600),
	('brawne1g@mozilla.org', 'Brandea', 'Rawne', 'TH', 'TeU7j2MMd', 'brawne1g', 57, 513),
	('escammell1h@rakuten.co.jp', 'Emili', 'Scammell', 'ID', 'Ujivr4nIfY', 'escammell1h', 587, 589),
	('wbernucci1i@trellian.com', 'Winni', 'Bernucci', 'JO', '21GnP0tE5', 'wbernucci1i', 549, 577),
	('sbeltzner1j@chicagotribune.com', 'Shannan', 'Beltzner', 'SI', 'ReHeytUO9G', 'sbeltzner1j', 414, 893),
	('abickerton1k@storify.com', 'Abbie', 'Bickerton', 'RU', 'VybSrm5yMR', 'abickerton1k', 362, 963),
	('adargie1l@g.co', 'Ambrose', 'Dargie', 'MX', 'RTKL4U', 'adargie1l', 809, 777),
	('owhiffin1m@odnoklassniki.ru', 'Orlando', 'Whiffin', 'CN', 'PuaXiTDsb', 'owhiffin1m', 376, 487),
	('dobray1n@topsy.com', 'Dag', 'Obray', 'CN', 'DnkjAwtvIGs', 'dobray1n', 204, 667),
	('lgreenley1o@state.tx.us', 'Lorry', 'Greenley', 'BR', 'aZD4FT8', 'lgreenley1o', 87, 542),
	('abroadey1p@toplist.cz', 'Agustin', 'Broadey', 'ID', '3t3QyVmDgNc', 'abroadey1p', 641, 954),
	('amcgraffin1q@upenn.edu', 'Andriette', 'McGraffin', 'TH', 'mYUL3tydMM35', 'amcgraffin1q', 696, 100),
	('jchattoe1r@cdc.gov', 'Jana', 'Chattoe', 'JM', 'lmtljW5', 'jchattoe1r', 227, 87),
	('yolkowicz1s@webnode.com', 'Yorgos', 'Olkowicz', 'ID', 'ioJSYSk2GoGU', 'yolkowicz1s', 637, 845),
	('cflewitt1t@bloomberg.com', 'Chas', 'Flewitt', 'ID', 'L8r8DrmBp', 'cflewitt1t', 316, 406),
	('mlorens1u@pen.io', 'Mimi', 'Lorens', 'FR', 'kWNSEia', 'mlorens1u', 437, 472),
	('cianetti1v@yandex.ru', 'Colby', 'Ianetti', 'UA', 'FpGn7mg', 'cianetti1v', 18, 543),
	('cholde1w@wikipedia.org', 'Cale', 'Holde', 'ID', 'wUtdzb', 'cholde1w', 448, 395),
	('fflewett1x@loc.gov', 'Fletch', 'Flewett', 'VN', 'rFYI4eK4Or', 'fflewett1x', 106, 462),
	('awethered1y@globo.com', 'Agretha', 'Wethered', 'CN', '9wQmzxQV', 'awethered1y', 901, 92),
	('gmcaleese1z@merriam-webster.com', 'Gerta', 'McAleese', 'LV', 't5EgvsFWOy', 'gmcaleese1z', 847, 352),
	('lcamelia20@addtoany.com', 'Leif', 'Camelia', 'ID', 'sGcKWEiW5QM', 'lcamelia20', 252, 438),
	('asqueers21@statcounter.com', 'Alanson', 'Squeers', 'MZ', 'DjD83bZsy', 'asqueers21', 82, 47),
	('abrownlee22@berkeley.edu', 'Adolphus', 'Brownlee', 'KE', 'fmMpU6iKV', 'abrownlee22', 533, 140),
	('bdelph23@myspace.com', 'Brittan', 'Delph', 'CN', 'cBg06VsTDsz', 'bdelph23', 366, 604),
	('ckiendl24@jigsy.com', 'Caterina', 'Kiendl', 'BR', '9Ys24LZ8NdK', 'ckiendl24', 797, 877),
	('dadamo25@sbwire.com', 'Daffi', 'Adamo', 'ES', 'nuUnqoIV9F', 'dadamo25', 42, 693),
	('sparade26@domainmarket.com', 'Stephi', 'Parade', 'CN', 'RwnV6Z', 'sparade26', 38, 796),
	('dtipping27@vkontakte.ru', 'Daisey', 'Tipping', 'CN', 'gvgWT3SL', 'dtipping27', 73, 505),
	('rbeswell28@netscape.com', 'Roselia', 'Beswell', 'RU', 'n1qVE8', 'rbeswell28', 363, 437),
	('ishimwell29@typepad.com', 'Ira', 'Shimwell', 'RU', 'vlCqY86rCFfA', 'ishimwell29', 60, 246),
	('kbillborough2a@gmpg.org', 'Karlotte', 'Billborough', 'ID', 'VeIDmzcdiZ8G', 'kbillborough2a', 715, 808),
	('cpetran2b@blog.com', 'Cherilynn', 'Petran', 'CN', 'ESoTruEPsEu', 'cpetran2b', 114, 234),
	('mbrewster2c@google.co.uk', 'Meagan', 'Brewster', 'BR', 'Xeqb1wbPMdpY', 'mbrewster2c', 7, 562),
	('lpynn2d@last.fm', 'Lombard', 'Pynn', 'GR', 'lVoCHih', 'lpynn2d', 817, 650),
	('lkinglesyd2e@vk.com', 'Lynnea', 'Kinglesyd', 'CN', 'JgDYzasL8', 'lkinglesyd2e', 645, 66),
	('fluciano2f@shareasale.com', 'Fredek', 'Luciano', 'CN', 'JKE79oOaH1zi', 'fluciano2f', 516, 455),
	('lrabbe2g@godaddy.com', 'Link', 'Rabbe', 'PH', 'OJ9Iq0TWQw', 'lrabbe2g', 111, 308),
	('ehawkswood2h@google.co.uk', 'Elvera', 'Hawkswood', 'US', '1iUCWiQgQYx', 'ehawkswood2h', 53, 781),
	('jcockings2i@sun.com', 'Joy', 'Cockings', 'FR', 'Qo6xpt', 'jcockings2i', 818, 654),
	('pbysh2j@de.vu', 'Patrizius', 'Bysh', 'MM', '9ExNUwpnCg', 'pbysh2j', 753, 111),
	('dgeorgius2k@miibeian.gov.cn', 'Demott', 'Georgius', 'PY', '1AdfgKBR', 'dgeorgius2k', 363, 896),
	('glyte2l@oakley.com', 'Garret', 'Lyte', 'RU', 'lOzU3cbW0UCt', 'glyte2l', 125, 606),
	('mgorton2m@angelfire.com', 'Maison', 'Gorton', 'EE', 'ZJyz0l2', 'mgorton2m', 486, 701),
	('cpickersgill2n@oaic.gov.au', 'Catherin', 'Pickersgill', 'PH', 'vZ76F1MItNqt', 'cpickersgill2n', 617, 191),
	('nrogerson2o@sitemeter.com', 'Neila', 'Rogerson', 'BR', '2MT9J445A0v', 'nrogerson2o', 989, 632),
	('rpetrolli2p@apache.org', 'Ramonda', 'Petrolli', 'ID', 'LHWkD71', 'rpetrolli2p', 785, 984),
	('ifocke2q@wp.com', 'Igor', 'Focke', 'CN', 'zKgDVXYL', 'ifocke2q', 650, 908),
	('dcolclough2r@issuu.com', 'Dannye', 'Colclough', 'ID', 'TRjj2qy6g', 'dcolclough2r', 323, 670);
	

INSERT INTO Artista (mail, nome, cognome, stato, password, followers, nome_artista, info, label, ascolti_mensili) VALUES
	('rwisdish0@newyorker.com', 'Remy', 'Wisdish', 'ID', '8OlJBij', 901981, 'Rwidish', 'Enhanced incremental complexity', 143, 683302),
	('ubrumfield1@about.com', 'Ursula', 'Brumfield', 'IE', 'nazX1QtsW', 539231, 'Ubrum', 'Customer-focused 5th generation extranet', 415, 126421),
	('odonnett2@microsoft.com', 'Ollie', 'Donnett', 'CZ', '5LW1WTEv', 767476, 'Odonett', 'Customizable composite Graphical User Interface', 776, 518760),
	('rlaffin3@samsung.com', 'Reeva', 'Laffin', 'RU', '3M0Nkrh', 159056, 'Rlaffin', 'Re-contextualized clear-thinking ability', 743, 351634),
	('kpieche4@deviantart.com', 'Karlan', 'Pieche', 'CO', 'LJWn5qDMC8', 277092, 'Kpieche', 'Programmable impactful groupware', 478, 136822),
	('lwatsam5@hugedomains.com', 'Link', 'Watsam', 'AR', 'yZmkiyo0ST3', 677782, 'Lwatsam', 'Re-contextualized 3rd generation synergy', 371, 861230),
	('zbayldon6@mysql.com', 'Zelda', 'Bayldon', 'FI', '9MJbo8mF9EgD', 822908, 'Zbayldon', 'Expanded uniform flexibility', 857, 301085),
	('cneubigin7@usa.gov', 'Chlo', 'Neubigin', 'JP', '4GG53nMKbG', 939107, 'Cneubigin', 'Profit-focused next generation emulation', 467, 586461),
	('abelfitt9@nydailynews.com', 'Anthe', 'Belfitt', 'NG', 'ECARfg', 736234, 'Abelfitt', 'Horizontal radical definition', 411, 687565),
	('bmilborna@ucsd.edu', 'Barnebas', 'Milborn', 'PT', 'OLKfEh62rn', 362538, 'Bmilborna', 'Public-key fresh-thinking utilisation', 864, 997663),
	('rkirkmanb@mozilla.com', 'Ruth', 'Kirkman', 'CN', 'MfPnhQJIFj', 810351, 'Bkirkmanb', 'Switchable heuristic function', 366, 447368),
	('kballintynec@tinyurl.com', 'Ketti', 'Ballintyne', 'CZ', '2DUL9cQV', 45265, 'Ballintynec', 'Future-proofed stable functionalities', 705, 964243),
	('fautied@bandcamp.com', 'Farah', 'Autie', 'PL', 'APKr5yaB99Ih', 660431, 'Fautied', 'Multi-channelled cohesive strategy', 542, 632179),
	('dbaytrope@linkedin.com', 'Darcey', 'Baytrop', 'PL', 'LiPrWLICZHlZ', 339143, 'Bytrope', 'Innovative maximized concept', 214, 997070),
	('dfootf@feedburner.com', 'Denny', 'Foot', 'AM', 'ziWMbgjQj', 486475, 'Footf', 'Multi-tiered motivating strategy', 867, 320478),
	('slowderg@usgs.gov', 'Stillmann', 'Lowder', 'NG', 'K5uacG', 411096, 'Slowderg', 'Focused bandwidth-monitored instruction set', 240, 366868),
	('smallisonh@spotify.com', 'Spenser', 'Mallison', 'PE', 'Mt2g2ne1x5l', 463531, 'Smallisonh', 'Automated heuristic access', 733, 717938),
	('jmurbyi@shutterfly.com', 'Jacenta', 'Murby', 'UA', '0Tlmvd7kUL', 509061, 'Murbyi', 'Re-engineered homogeneous flexibility', 860, 34187),
	('ohorryj@drupal.org', 'Otho', 'Horry', 'HN', 'pVxUc7XZsCr', 499900, 'Ohorryj', 'User-friendly eco-centric policy', 207, 411062),
	('bpatriak@epa.gov', 'Base', 'Patria', 'PL', 'e4ItMouZF', 686523, 'Patriak', 'Expanded full-range hierarchy', 523, 7922),
	('oquarmbyl@constantcontact.com', 'Obadias', 'Quarmby', 'MN', 'f2EXcXnDjDm', 574175, 'Oquarmbyl', 'Multi-layered eco-centric flexibility', 12, 299833),
	('nhaslinm@naver.com', 'Neill', 'Haslin', 'CN', 'BKP3sAGC5U', 356212, 'Nhaslinm', 'Re-contextualized neutral attitude', 976, 907053),
	('njacsonn@hhs.gov', 'Nat', 'Jacson', 'NG', 'wxYbUEA8VW', 364690, 'Jacsonn', 'Digitized interactive solution', 327, 307060),
	('fagiolfingero@nationalgeographic.com', 'Flory', 'Agiolfinger', 'CN', 'OvnXc90pr', 429688, 'Fagiolfingero', 'Innovative 24 hour middleware', 214, 144811),
	('tdogep@patch.com', 'Tybalt', 'Doge', 'CN', 'Mc3XrO', 320573, 'Dogep', 'Diverse grid-enabled process improvement', 98, 380781),
	('vbothaq@live.com', 'Vasilis', 'Botha', 'CN', 'fG7dSFe98e', 582185, 'Thaq', 'Horizontal composite open system', 563, 807508),
	('bmoralesr@nps.gov', 'Babara', 'Morales', 'BG', 'Ulr1ulRxl2Sk', 296356, 'Moralesr', 'Quality-focused 5th generation artificial intelligence', 584, 181885),
	('grabiers@disqus.com', 'Gearalt', 'Rabier', 'PS', '0H4rWMJ', 181406, 'Grabiers', 'Universal discrete initiative', 283, 801530),
	('njammet@theguardian.com', 'Nancie', 'Jamme', 'PH', 'mRjD3QpT8X', 500479, 'Jammet', 'Robust global challenge', 400, 13518),
	('gjollissu@omniture.com', 'Greggory', 'Jolliss', 'CN', '3qEP6Awi', 602184, 'Jollissu', 'Right-sized static initiative', 430, 707205),
	('cbenfellv@nih.gov', 'Cele', 'Benfell', 'UA', 'JFusRDsUJf9', 483923, 'Benfellv', 'Ergonomic multimedia open system', 638, 418008),
	('ecrosdillw@technorati.com', 'Eugenia', 'Crosdill', 'US', 'ppSTaKSF5R', 940892, 'Ecrosdillw', 'Mandatory foreground software', 992, 273609),
	('gbreckenridgex@shinystat.com', 'Galen', 'Breckenridge', 'CN', 'g91AaqGDO2jI', 340443, 'Idgex', 'Cloned explicit groupware', 130, 296576),
	('dvonhindenburgy@pcworld.com', 'Deeanne', 'Von Hindenburg', 'CN', 'trnw9n3jU8lf', 966200, 'Dvonhindenburgy', 'Optimized intangible methodology', 188, 271593),
	('apecholdz@yandex.ru', 'Alyosha', 'Pechold', 'UA', 'cRJfsBmejV', 650713, 'Apecholdz', 'Synergized neutral service-desk', 803, 901137),
	('nstanlock10@about.com', 'Nev', 'Stanlock', 'NG', 'AiFgMmHJ', 446798, 'Stanlock', 'Configurable neutral toolset', 933, 473038),
	('amiddis11@google.com', 'Arleta', 'Middis', 'YE', 'P7kGKt7qLFwY', 283893, 'Amiddis', 'Reactive fault-tolerant instruction set', 61, 4109),
	('cashbee12@nih.gov', 'Charmane', 'Ashbee', 'CN', 'Lk1VZvft', 552422, 'Cashbee', 'Digitized 24/7 moratorium', 893, 662625),
	('shulke13@goo.ne.jp', 'Steffi', 'Hulke', 'KG', 'TriUHap', 518243, 'Shulke', 'Upgradable intangible leverage', 789, 476338),
	('acasseldine14@moonfruit.com', 'Ahmad', 'Casseldine', 'JP', 'l2Sjl5edYM', 60057, 'Acasseldine', 'Pre-emptive cohesive analyzer', 693, 956279),
	('agaspard15@bloglines.com', 'Annamarie', 'Gaspard', 'UG', 'XnfJ8X593Q', 618210, 'Agaspard', 'Face to face dynamic open system', 330, 127986),
	('tcrosfeld16@toplist.cz', 'Todd', 'Crosfeld', 'IE', '7Kge0u52S', 646195, 'Crosfeld', 'Right-sized client-server framework', 687, 647868),
	('cclubbe17@de.vu', 'Cherry', 'Clubbe', 'SY', '1Js6hBh0LU0z', 229466, 'Clubbe', 'Team-oriented zero tolerance alliance', 946, 876787),
	('jcutbush18@java.com', 'June', 'Cutbush', 'TN', 'ekoM2TCPSy', 178691, 'Cutbush', 'Robust 24 hour encryption', 471, 283367),
	('kposner19@elpais.com', 'Kimmi', 'Posner', 'TN', 'JFKApvRX63M', 320474, 'Posne', 'Integrated executive complexity', 934, 255745),
	('ehaslewood1a@springer.com', 'Eldredge', 'Haslewood', 'KM', 'ovGlqCV', 697864, 'Ehaslewooda', 'Public-key static contingency', 655, 14008),
	('nwace1b@yellowbook.com', 'Nike', 'Wace', 'UY', 'VkV4oTGInsv', 617529, 'Webex', 'Synchronised neutral protocol', 512, 694446),
	('rhinckesman1c@360.cn', 'Renaud', 'Hinckesman', 'CN', 'FvSTDTLdCa', 400151, 'Rhinckesmanc', 'Persevering non-volatile function', 319, 347452),
	('pbungey1d@arizona.edu', 'Pail', 'Bungey', 'CN', 'DZbPes2', 716517, 'Bungeyd', 'Customizable scalable attitude', 227, 980058);

INSERT INTO Podcaster (mail, nome, cognome, stato, password, followers, nome_podcaster, info) VALUES
	('nbole0@yale.edu', 'Nicola', 'Bole', 'US', 'utvlK0HchO', 146, 'Nbole', 'User-friendly incremental approach'),
	('dmilvarnie1@desdev.cn', 'Dame', 'Milvarnie', 'SE', 'Px7uYlALwFb', 448, 'Dmilvarnie', 'Ergonomic discrete policy'),
	('lisaak2@cnet.com', 'Lenard', 'Isaak', 'PS', 'cI7mQR0Jw', 282, 'Lisaak', 'Synergistic bifurcated paradigm'),
	('cyate3@uol.com.br', 'Cecelia', 'Yate', 'GR', 'mX9kAwu', 662, 'Cyate', 'Ergonomic next generation emulation'),
	('dhendren4@utexas.edu', 'Dionne', 'Hendren', 'PL', 'fdyA0aSrtcvz', 361, 'Dhendren', 'Stand-alone cohesive throughput'),
	('mroelofs5@acquirethisname.com', 'Matti', 'Roelofs', 'AM', 'WnHGtT7BzcD', 979, 'Mroelofs', 'Organic intangible migration'),
	('mcallen6@taobao.com', 'Mireielle', 'Callen', 'CA', 'iiosVtsyUrA', 694, 'Mcallen', 'Innovative bandwidth-monitored middleware'),
	('glehrmann7@xinhuanet.com', 'Gibbie', 'Lehrmann', 'CN', 'bJGAk5', 159, 'Glehrmann', 'Phased multi-tasking circuit'),
	('xseage8@ibm.com', 'Ximenes', 'Seage', 'NG', '6jYi50ML63C', 786, 'Xseage', 'Re-engineered high-level projection'),
	('mscanderet9@google.pl', 'Marjie', 'Scanderet', 'ID', 'pDUR2lNq8', 800, 'Mscanderet', 'Multi-lateral motivating analyzer'),
	('dconkiea@digg.com', 'Dmitri', 'Conkie', 'SE', 'oucyLtD', 61, 'Dconkie', 'Synchronised real-time architecture'),
	('zfluryb@yellowbook.com', 'Zahara', 'Flury', 'BR', 'sCCtyxY3lPN4', 983, 'Zflury', 'De-engineered analyzing intranet'),
	('dsandsallanc@diigo.com', 'Donetta', 'Sands-Allan', 'CN', 'onGVOV08OkN6', 662, 'Dsandsallan', 'Mandatory hybrid frame'),
	('robradaned@va.gov', 'Reggis', 'O''Bradane', 'PA', 'yhvtGFiX2RAj', 330, 'Robradane', 'Persevering analyzing access'),
	('mmaywarde@prweb.com', 'Margot', 'Mayward', 'MG', '0OuK2g', 709, 'Mmayward', 'Cross-group impactful Graphic Interface'),
	('jsmalef@devhub.com', 'Jeanelle', 'Smale', 'JO', 'lXJWni73a0TU', 628, 'Jsmale', 'User-friendly interactive challenge'),
	('kbugsg@nature.com', 'Kean', 'Bugs', 'PT', 'DMfiUFrEe1c', 16, 'Kbugs', 'Grass-roots composite software'),
	('kgauchh@paypal.com', 'Kailey', 'Gauch', 'CN', 'Sk03RcV1l', 385, 'Kgauch', 'Networked radical capacity'),
	('csillitoi@acquirethisname.com', 'Cristi', 'Sillito', 'JP', 'BhQEYTMaiMA', 786, 'Csillito', 'Visionary empowering support'),
	('grougheyj@photobucket.com', 'Granger', 'Roughey', 'PH', 'N0YQ34zutJJl', 285, 'Groughey', 'Team-oriented dedicated superstructure'),
	('mcristofarik@123-reg.co.uk', 'Maure', 'Cristofari', 'CN', 'MuzeUf', 689, 'Mcristofari', 'Customer-focused intermediate Graphic Interface'),
	('achalcraftl@washington.edu', 'Alika', 'Chalcraft', 'RU', 'tdu9yOwu', 406, 'Achalcraft', 'Enhanced hybrid complexity'),
	('snottlem@marriott.com', 'Swen', 'Nottle', 'RS', '5yaoCT8Rd2', 511, 'Snottle', 'Object-based eco-centric instruction set'),
	('bjolln@sun.com', 'Bartholemy', 'Joll', 'GR', 'SiLKigadJ4og', 238, 'Bjoll', 'Organic systematic paradigm'),
	('astiegaro@google.ru', 'Aveline', 'Stiegar', 'LU', 'G0qabT', 445, 'Astiegar', 'Open-architected actuating middleware'),
	('fpiffp@ebay.co.uk', 'Fowler', 'Piff', 'CZ', 'YNVjvN9aWs', 938, 'Fpiff', 'Streamlined full-range intranet'),
	('mjeremaesq@nytimes.com', 'Matthieu', 'Jeremaes', 'CA', 'RKCGB31SWC6', 830, 'Mjeremaes', 'Exclusive actuating database'),
	('rschoberr@51.la', 'Rourke', 'Schober', 'CN', 'dPRjT0oKNjA', 325, 'Rschober', 'Synchronised homogeneous policy'),
	('ewhates@noaa.gov', 'Elisabeth', 'Whate', 'JP', 'IqqxYVrhrY6', 834, 'Ewhate', 'Virtual hybrid instruction set'),
	('fchint@1und1.de', 'Fons', 'Chin', 'ID', 'kyft286', 717, 'Fchin', 'Re-contextualized 5th generation utilisation'),
	('wsidnellu@hp.com', 'Wat', 'Sidnell', 'JP', 'HvXrkTY5', 19, 'Wsidnell', 'Multi-tiered incremental monitoring'),
	('bmurkusv@hostgator.com', 'Brynn', 'Murkus', 'PT', 'uQy1Mr2', 147, 'Bmurkus', 'De-engineered fault-tolerant internet solution'),
	('kmcilwainew@lulu.com', 'Kim', 'McIlwaine', 'CN', '4BXi4lVz0', 849, 'Kmcilwaine', 'Horizontal zero administration paradigm'),
	('alissendenx@over-blog.com', 'Andris', 'Lissenden', 'BY', 'uznXmLFq', 53, 'Alissenden', 'Polarised intermediate workforce'),
	('chardeyy@earthlink.net', 'Charisse', 'Hardey', 'CM', 'bggizTDkrCYs', 746, 'Chardey', 'Sharable upward-trending help-desk'),
	('asleneyz@wordpress.com', 'Ailyn', 'Sleney', 'PK', '96MFvnM7Pf', 593, 'Asleney', 'Implemented scalable customer loyalty'),
	('eashmore10@arizona.edu', 'Ewen', 'Ashmore', 'AR', '44rxuT6dB', 633, 'Eashmore', 'Down-sized methodical synergy'),
	('uhulburt11@qq.com', 'Urson', 'Hulburt', 'MX', '12JhCBXxXk', 365, 'Uhulburt', 'Enhanced systematic capacity'),
	('scovil12@pen.io', 'Sayre', 'Covil', 'BG', 'EuMBlIae', 338, 'Scovil', 'Face to face holistic orchestration'),
	('asalvadori13@princeton.edu', 'Ann', 'Salvadori', 'ID', 'JGEkBrg9dkC', 87, 'Asalvadori', 'Distributed analyzing concept'),
	('crickersy14@printfriendly.com', 'Cassandre', 'Rickersy', 'PK', 'JUTwnN3u5Cv', 270, 'Crickersy', 'Stand-alone even-keeled circuit'),
	('kkimmons15@wikispaces.com', 'Karlene', 'Kimmons', 'MW', '2wtglObsOs0F', 313, 'Kkimmons', 'Sharable multi-state alliance'),
	('scastellan16@google.fr', 'Sherlock', 'Castellan', 'MZ', 'X3VR7inpzVe', 271, 'Scastellan', 'Customizable fault-tolerant open system'),
	('econnick17@simplemachines.org', 'Elane', 'Connick', 'RU', 'A3em8fq9chs', 732, 'Econnick', 'Programmable interactive task-force'),
	('sdeinhardt18@goo.gl', 'Sybila', 'Deinhardt', 'VN', 'Z4c30UG', 1, 'Sdeinhardt', 'Realigned optimizing software'),
	('ffairman19@tripod.com', 'Flora', 'Fairman', 'US', 'Z65qX9', 284, 'Ffairman', 'Advanced eco-centric neural-net'),
	('olefeaver1a@wordpress.org', 'Orel', 'Lefeaver', 'AF', 'bjgrjurBiTr', 912, 'Olefeaver', 'Reactive hybrid strategy'),
	('mdorrance1b@github.com', 'Monique', 'Dorrance', 'ID', 'tbVSoclw', 104, 'Mdorrance', 'Persistent asynchronous task-force'),
	('nnisot1c@unblog.fr', 'Nichols', 'Nisot', 'ID', 'AIqqCe2e', 19, 'Nnisot', 'Assimilated hybrid local area network'),
	('mscreas1d@dion.ne.jp', 'Marley', 'Screas', 'ID', '7JrRQn4lFCs', 648, 'Mscreas', 'Persistent eco-centric encoding');

INSERT INTO Album (titolo, artista, data_pubblicazione) VALUES 
	('sagittis nam congue', 'rwisdish0@newyorker.com', '2021/05/09'),
	('sed augue aliquam', 'odonnett2@microsoft.com', '2020/04/20'),
	('consequat ut nulla', 'rlaffin3@samsung.com', '2021/08/25'),
	('sed accumsan', 'lwatsam5@hugedomains.com', '2022/02/14'),
	('sed sagittis nam', 'zbayldon6@mysql.com', '2021/11/29'),
	('et ultrices posuere', 'abelfitt9@nydailynews.com', '2020/06/08'),
	('pede', 'bmilborna@ucsd.edu', '2022/04/07'),
	('orci luctus et', 'kballintynec@tinyurl.com', '2021/05/15'),
	('vulputate nonummy maecenas', 'lwatsam5@hugedomains.com', '2021/10/27'),
	('in faucibus', 'fautied@bandcamp.com', '2022/05/20'),
	('nam congue risus', 'smallisonh@spotify.com', '2020/03/06'),
	('et ultrices', 'jmurbyi@shutterfly.com', '2020/06/12'),
	('phasellus', 'oquarmbyl@constantcontact.com', '2020/06/12'),
	('nisl', 'fautied@bandcamp.com', '2021/08/21'),
	('vitae ipsum', 'nhaslinm@naver.com', '2021/06/01'),
	('tincidunt', 'jmurbyi@shutterfly.com', '2020/10/25'),
	('ipsum', 'tdogep@patch.com', '2022/04/25'),
	('sollicitudin mi', 'zbayldon6@mysql.com', '2021/09/18'),
	('mi nulla', 'zbayldon6@mysql.com', '2020/05/24'),
	('nisi volutpat', 'bmoralesr@nps.gov', '2022/03/29'),
	('aliquet at', 'cbenfellv@nih.gov', '2020/12/11'),
	('lorem quisque', 'dfootf@feedburner.com', '2021/08/11'),
	('purus sit', 'dfootf@feedburner.com', '2020/06/10'),
	('lobortis', 'rlaffin3@samsung.com', '2020/01/06'),
	('magna at', 'gbreckenridgex@shinystat.com', '2020/11/17'),
	('magna', 'dfootf@feedburner.com', '2021/12/09'),
	('vulputate', 'gbreckenridgex@shinystat.com', '2022/01/27'),
	('sed', 'cclubbe17@de.vu', '2021/08/05'),
	('nisi at', 'agaspard15@bloglines.com', '2022/03/07'),
	('fermentum justo nec', 'zbayldon6@mysql.com', '2021/01/12'),
	('blandit ultrices', 'tdogep@patch.com', '2021/09/23'),
	('id justo', 'bpatriak@epa.gov', '2022/02/15'),
	('amet', 'nhaslinm@naver.com', '2020/09/11'),
	('phasellus id sapien', 'abelfitt9@nydailynews.com', '2020/05/07'),
	('lorem quisque', 'fagiolfingero@nationalgeographic.com', '2022/05/20'),
	('curae', 'cclubbe17@de.vu', '2021/03/17'),
	('turpis donec', 'cashbee12@nih.gov', '2021/08/16'),
	('ultrices', 'fagiolfingero@nationalgeographic.com', '2020/10/08'),
	('duis at', 'dfootf@feedburner.com', '2020/09/28'),
	('massa', 'abelfitt9@nydailynews.com', '2020/03/17'),
	('morbi ut', 'kposner19@elpais.com', '2021/03/03'),
	('pellentesque', 'rkirkmanb@mozilla.com', '2020/09/29'),
	('ullamcorper', 'acasseldine14@moonfruit.com', '2020/04/08'),
	('habitasse platea', 'cashbee12@nih.gov', '2021/10/31'),
	('mi sit amet', 'agaspard15@bloglines.com', '2022/03/04'),
	('lectus pellentesque at', 'rlaffin3@samsung.com', '2020/07/02'),
	('faucibus orci', 'rkirkmanb@mozilla.com', '2020/07/14'),
	('sit amet', 'ecrosdillw@technorati.com', '2021/01/13'),
	('viverra dapibus nulla', 'slowderg@usgs.gov', '2020/04/14'),
	('morbi', 'smallisonh@spotify.com', '2020/05/06'),
	('pellentesque', 'ehaslewood1a@springer.com', '2020/06/07'),
	('nisl duis', 'nstanlock10@about.com', '2022/02/23'),
	('cras', 'abelfitt9@nydailynews.com', '2021/09/12'),
	('metus', 'oquarmbyl@constantcontact.com', '2020/08/31'),
	('mi integer', 'cbenfellv@nih.gov', '2021/12/21'),
	('at vulputate vitae', 'nwace1b@yellowbook.com', '2022/02/18'),
	('risus', 'rhinckesman1c@360.cn', '2021/03/09'),
	('non velit', 'rhinckesman1c@360.cn', '2021/01/24'),
	('interdum', 'nwace1b@yellowbook.com', '2021/09/08'),
	('nulla nisl', 'rwisdish0@newyorker.com', '2020/01/02'),
	('id turpis', 'ehaslewood1a@springer.com', '2021/02/22'),
	('posuere', 'cclubbe17@de.vu', '2021/01/07'),
	('integer aliquet massa', 'gbreckenridgex@shinystat.com', '2021/02/03'),
	('imperdiet et commodo', 'cashbee12@nih.gov', '2020/01/27'),
	('ultrices', 'njammet@theguardian.com', '2021/12/30'),
	('lacus morbi', 'ehaslewood1a@springer.com', '2021/11/25'),
	('semper porta volutpat', 'nwace1b@yellowbook.com', '2021/04/29'),
	('molestie', 'rwisdish0@newyorker.com', '2021/11/16'),
	('nisi nam', 'cashbee12@nih.gov', '2021/03/08'),
	('semper porta volutpat', 'cbenfellv@nih.gov', '2020/12/12'),
	('est', 'cclubbe17@de.vu', '2021/07/22'),
	('elementum eu', 'ubrumfield1@about.com', '2021/01/26'),
	('urna ut', 'acasseldine14@moonfruit.com', '2021/03/09'),
	('convallis duis', 'bmoralesr@nps.gov', '2022/01/05'),
	('orci mauris', 'pbungey1d@arizona.edu', '2021/11/16'),
	('in leo', 'rhinckesman1c@360.cn', '2020/08/13'),
	('libero ut massa', 'grabiers@disqus.com', '2020/10/02'),
	('integer', 'pbungey1d@arizona.edu', '2020/09/15'),
	('ligula', 'ubrumfield1@about.com', '2021/08/08'),
	('duis at', 'pbungey1d@arizona.edu', '2021/05/26'),
	('in lacus curabitur', 'pbungey1d@arizona.edu', '2020/12/29'),
	('imperdiet', 'odonnett2@microsoft.com', '2021/03/23'),
	('sapien', 'rwisdish0@newyorker.com', '2022/02/22'),
	('nulla quisque', 'kpieche4@deviantart.com', '2020/09/13'),
	('magnis', 'nstanlock10@about.com', '2021/02/06'),
	('in', 'odonnett2@microsoft.com', '2021/08/07'),
	('quis justo', 'fautied@bandcamp.com', '2020/07/18'),
	('sit amet', 'rlaffin3@samsung.com', '2021/09/24'),
	('laoreet ut rhoncus', 'rkirkmanb@mozilla.com', '2020/02/04'),
	('curabitur', 'pbungey1d@arizona.edu', '2021/05/27'),
	('sapien', 'grabiers@disqus.com', '2020/12/17'),
	('hendrerit at', 'ubrumfield1@about.com', '2020/04/24'),
	('diam', 'ubrumfield1@about.com', '2020/08/25'),
	('vulputate nonummy', 'cclubbe17@de.vu', '2020/11/21'),
	('bibendum', 'kposner19@elpais.com', '2020/06/03'),
	('etiam', 'amiddis11@google.com', '2020/06/03'),
	('pellentesque eget', 'fautied@bandcamp.com', '2022/04/22'),
	('ligula sit', 'rlaffin3@samsung.com', '2021/10/11'),
	('ut tellus', 'amiddis11@google.com', '2022/02/01'),
	('amet diam in', 'odonnett2@microsoft.com', '2020/08/30');

	insert into Podcast (nome_podcast, podcaster, info) values 
    ('id justo sit', 'cyate3@uol.com.br', 'Right-sized discrete project'),
    ('tellus', 'cyate3@uol.com.br', 'Optimized content-based success'),
    ('phasellus', 'mroelofs5@acquirethisname.com', 'Horizontal mobile hierarchy'),
    ('augue luctus tincidunt', 'xseage8@ibm.com', 'Synergized non-volatile local area network'),
    ('vivamus vestibulum sagittis', 'mscanderet9@google.pl', 'Compatible directional concept'),
    ('ac neque', 'dconkiea@digg.com', 'Fully-configurable stable time-frame'),
    ('nulla integer pede', 'dconkiea@digg.com', 'Implemented static firmware'),
    ('at vulputate vitae', 'zfluryb@yellowbook.com', 'Vision-oriented zero defect model'),
    ('vitae ipsum aliquam', 'dsandsallanc@diigo.com', 'Open-architected system-worthy help-desk'),
    ('faucibus orci', 'zfluryb@yellowbook.com', 'Multi-lateral local toolset'),
    ('vitae ipsum', 'robradaned@va.gov', 'Inverse non-volatile groupware'),
    ('porttitor lorem', 'jsmalef@devhub.com', 'Business-focused needs-based complexity'),
    ('suspendisse', 'kgauchh@paypal.com', 'Mandatory clear-thinking array'),
    ('lacinia', 'grougheyj@photobucket.com', 'Balanced upward-trending adapter'),
    ('in consequat ut', 'grougheyj@photobucket.com', 'Proactive responsive structure'),
    ('feugiat non', 'nbole0@yale.edu', 'Reduced bi-directional local area network'),
    ('sem', 'mcristofarik@123-reg.co.uk', 'Focused web-enabled task-force'),
    ('sapien', 'snottlem@marriott.com', 'Enhanced 4th generation secured line'),
    ('nec dui', 'nbole0@yale.edu', 'Multi-tiered bandwidth-monitored internet solution'),
    ('nibh', 'bjolln@sun.com', 'Realigned 24 hour time-frame'),
    ('diam neque vestibulum', 'kgauchh@paypal.com', 'Down-sized attitude-oriented service-desk'),
    ('sed nisl nunc', 'dmilvarnie1@desdev.cn', 'Open-architected scalable firmware'),
    ('est congue', 'alissendenx@over-blog.com', 'Polarised 6th generation data-warehouse'),
    ('leo', 'jsmalef@devhub.com', 'Business-focused asynchronous definition'),
    ('sapien', 'astiegaro@google.ru', 'Cloned mobile access'),
    ('ac tellus', 'bjolln@sun.com', 'Cross-platform zero tolerance neural-net'),
    ('quis lectus', 'dmilvarnie1@desdev.cn', 'Adaptive reciprocal matrix'),
    ('dui', 'fpiffp@ebay.co.uk', 'Open-source next generation hub'),
    ('pharetra magna', 'mjeremaesq@nytimes.com', 'Enterprise-wide demand-driven forecast'),
    ('amet justo morbi', 'lisaak2@cnet.com', 'Pre-emptive dynamic product'),
    ('leo maecenas', 'rschoberr@51.la', 'Devolved optimal encoding'),
    ('quis', 'ewhates@noaa.gov', 'Networked clear-thinking Graphical User Interface'),
    ('dis', 'kbugsg@nature.com', 'Fully-configurable zero administration migration'),
    ('faucibus orci', 'wsidnellu@hp.com', 'Vision-oriented 24/7 paradigm'),
    ('pharetra', 'wsidnellu@hp.com', 'Exclusive bandwidth-monitored knowledge user'),
    ('a ipsum', 'bmurkusv@hostgator.com', 'Reactive holistic analyzer'),
    ('id nisl', 'kmcilwainew@lulu.com', 'Multi-lateral tangible open architecture'),
    ('libero rutrum ac', 'ewhates@noaa.gov', 'Team-oriented user-facing orchestration'),
    ('eu nibh', 'chardeyy@earthlink.net', 'Synergistic modular paradigm'),
    ('magna vulputate luctus', 'chardeyy@earthlink.net', 'Inverse local structure'),
    ('ante', 'asleneyz@wordpress.com', 'Synergized object-oriented challenge'),
    ('sit', 'eashmore10@arizona.edu', 'Self-enabling holistic ability'),
    ('ultrices', 'uhulburt11@qq.com', 'Streamlined transitional infrastructure'),
    ('diam vitae', 'mroelofs5@acquirethisname.com', 'Grass-roots dedicated support'),
    ('in', 'robradaned@va.gov', 'Profound bandwidth-monitored moderator'),
    ('cursus vestibulum proin', 'kbugsg@nature.com', 'Right-sized real-time moderator'),
    ('consequat', 'uhulburt11@qq.com', 'Realigned zero defect architecture'),
    ('suscipit a feugiat', 'eashmore10@arizona.edu', 'Visionary bottom-line frame'),
    ('turpis a', 'scovil12@pen.io', 'Realigned systemic structure'),
    ('mauris sit', 'asalvadori13@princeton.edu', 'Reactive zero defect projection'),
    ('dolor vel', 'crickersy14@printfriendly.com', 'Advanced bottom-line benchmark'),
    ('vulputate luctus', 'kkimmons15@wikispaces.com', 'Managed optimizing product'),
    ('enim', 'asalvadori13@princeton.edu', 'Synchronised full-range database'),
    ('tortor eu', 'mmaywarde@prweb.com', 'Advanced secondary throughput'),
    ('cras non velit', 'mjeremaesq@nytimes.com', 'Total coherent customer loyalty'),
    ('at feugiat non', 'snottlem@marriott.com', 'Balanced optimal local area network'),
    ('blandit non', 'kmcilwainew@lulu.com', 'Innovative responsive encryption'),
    ('dapibus dolor', 'scovil12@pen.io', 'Integrated heuristic focus group'),
    ('velit eu', 'mmaywarde@prweb.com', 'Business-focused interactive contingency'),
    ('ut', 'csillitoi@acquirethisname.com', 'Exclusive static hierarchy'),
    ('cum sociis', 'scastellan16@google.fr', 'Cross-group intermediate challenge'),
    ('consequat metus sapien', 'econnick17@simplemachines.org', 'Fundamental real-time installation'),
    ('eget rutrum at', 'sdeinhardt18@goo.gl', 'Pre-emptive next generation methodology'),
    ('nullam varius nulla', 'kkimmons15@wikispaces.com', 'Progressive zero defect throughput'),
    ('montes nascetur', 'bjolln@sun.com', 'Automated incremental focus group'),
    ('sit amet', 'xseage8@ibm.com', 'Versatile systematic parallelism'),
    ('sed lacus', 'ffairman19@tripod.com', 'Open-architected 24 hour benchmark'),
    ('imperdiet', 'mcallen6@taobao.com', 'Open-source fresh-thinking open architecture'),
    ('ipsum', 'scastellan16@google.fr', 'Automated discrete local area network'),
    ('sit amet consectetuer', 'asleneyz@wordpress.com', 'Re-engineered web-enabled hierarchy'),
    ('odio', 'olefeaver1a@wordpress.org', 'Seamless intangible task-force'),
    ('vestibulum sit', 'mcristofarik@123-reg.co.uk', 'Enhanced intangible forecast'),
    ('fusce lacus', 'sdeinhardt18@goo.gl', 'Switchable system-worthy internet solution'),
    ('eros elementum pellentesque', 'econnick17@simplemachines.org', 'Reactive actuating synergy'),
    ('sapien', 'dsandsallanc@diigo.com', 'Decentralized bi-directional ability'),
    ('diam neque', 'astiegaro@google.ru', 'Focused zero tolerance algorithm'),
    ('semper interdum', 'mscreas1d@dion.ne.jp', 'Polarised uniform emulation'),
    ('turpis', 'ffairman19@tripod.com', 'Centralized neutral pricing structure'),
    ('rutrum', 'mcallen6@taobao.com', 'Stand-alone zero administration framework'),
    ('in magna bibendum', 'cyate3@uol.com.br', 'Fundamental system-worthy framework'),
    ('integer', 'fchint@1und1.de', 'Secured client-driven infrastructure'),
    ('turpis donec', 'crickersy14@printfriendly.com', 'Networked hybrid parallelism'),
    ('leo', 'achalcraftl@washington.edu', 'Horizontal needs-based moderator'),
    ('enim lorem', 'achalcraftl@washington.edu', 'Phased zero tolerance emulation'),
    ('lobortis', 'mscreas1d@dion.ne.jp', 'Customizable regional artificial intelligence'),
    ('in hac habitasse', 'bjolln@sun.com', 'Secured solution-oriented portal'),
    ('donec', 'csillitoi@acquirethisname.com', 'Monitored systemic matrix'),
    ('interdum mauris ullamcorper', 'chardeyy@earthlink.net', 'Synchronised scalable hardware'),
    ('lobortis vel dapibus', 'nnisot1c@unblog.fr', 'Business-focused cohesive interface'),
    ('purus eu', 'mdorrance1b@github.com', 'Diverse grid-enabled approach'),
    ('vel augue', 'bmurkusv@hostgator.com', 'Exclusive mission-critical function'),
    ('curae', 'mscanderet9@google.pl', 'Ergonomic empowering initiative'),
    ('penatibus et magnis', 'olefeaver1a@wordpress.org', 'Re-contextualized disintermediate solution'),
    ('phasellus id sapien', 'alissendenx@over-blog.com', 'Open-architected well-modulated info-mediaries'),
    ('luctus nec', 'fchint@1und1.de', 'Digitized executive migration'),
    ('nulla mollis molestie', 'jsmalef@devhub.com', 'Business-focused foreground leverage'),
    ('nascetur ridiculus', 'nnisot1c@unblog.fr', 'Right-sized logistical complexity'),
    ('augue luctus tincidunt', 'rschoberr@51.la', 'Down-sized exuding contingency'),
    ('justo', 'mdorrance1b@github.com', 'Grass-roots contextually-based hardware'),
    ('nascetur ridiculus mus', 'lisaak2@cnet.com', 'Quality-focused uniform knowledge base');

	INSERT INTO Canzone (titolo, album, durata) VALUES 
    ('extra', 'sagittis nam congue', 130),
    ('non velit donec', 'sagittis nam congue', 298),
    ('consequat varius integer', 'sagittis nam congue', 273),
    ('ac tellus semper', 'sagittis nam congue', 595),
    ('eget semper', 'sagittis nam congue', 512),
    ('blandit nam', 'sed augue aliquam', 129),
    ('ipsum', 'sed augue aliquam', 474),
    ('vulputate elementum nullam', 'sed augue aliquam', 341),
    ('consequat ut nulla', 'consequat ut nulla', 124),
    ('sed accumsan', 'sed accumsan', 179),
    ('dictumst aliquam', 'sed sagittis nam', 510),
    ('tortor risus dapibus', 'sed sagittis nam', 32),
    ('amet eleifend', 'sed sagittis nam', 172),
    ('non mauris', 'sed sagittis nam', 532),
    ('neque aenean auctor', 'sed sagittis nam', 271),
    ('volutpat sapien', 'sed sagittis nam', 600),
    ('condimentum id luctus', 'et ultrices posuere', 322),
    ('suspendisse potenti cras', 'et ultrices posuere', 109),
    ('erat', 'et ultrices posuere', 412),
    ('volutpat erat quisque', 'et ultrices posuere', 590),
    ('nulla', 'et ultrices posuere', 484),
    ('lectus suspendisse', 'et ultrices posuere', 173),
    ('consectetuer', 'et ultrices posuere', 300),
    ('pede', 'pede', 498),
    ('orci luctus et', 'orci luctus et', 348),
    ('vulputate nonummy maecenas', 'vulputate nonummy maecenas', 510),
    ('venenatis tristique', 'in faucibus', 164),
    ('nullam orci pede', 'in faucibus', 379),
    ('fringilla', 'in faucibus', 228),
    ('donec ut', 'in faucibus', 71),
    ('orci luctus', 'in faucibus', 276),
    ('cubilia', 'in faucibus', 211),
    ('turpis', 'in faucibus', 576),
    ('nam congue risus', 'nam congue risus', 305),
    ('et ultrices', 'et ultrices', 247),
    ('phasellus', 'phasellus', 598),
    ('vivamus vestibulum', 'nisl', 241),
    ('in', 'nisl', 87),
    ('at', 'nisl', 108),
    ('morbi vestibulum velit', 'nisl', 301),
    ('hac habitasse platea', 'nisl', 138),
    ('in ante vestibulum', 'vitae ipsum', 427),
    ('ridiculus mus etiam', 'vitae ipsum', 492),
    ('urna ut', 'vitae ipsum', 445),
    ('venenatis lacinia aenean', 'vitae ipsum', 257),
    ('ipsum primis in', 'vitae ipsum', 229),
    ('odio', 'vitae ipsum', 498),
    ('tempus', 'vitae ipsum', 56),
    ('convallis eget', 'vitae ipsum', 505),
    ('tincidunt', 'tincidunt', 130),
    ('ipsum', 'ipsum', 48),
    ('sollicitudin mi', 'sollicitudin mi', 335),
    ('vel', 'mi nulla', 13),
    ('amet consectetuer', 'mi nulla', 258),
    ('felis', 'mi nulla', 414),
    ('dui luctus rutrum', 'mi nulla', 439),
    ('odio elementum eu', 'mi nulla', 123),
    ('tincidunt', 'aliquet at', 228),
    ('ridiculus', 'aliquet at', 489),
    ('ultrices', 'aliquet at', 579),
    ('rhoncus aliquam', 'aliquet at', 420),
    ('pretium quis lectus', 'lorem quisque', 561),
    ('nulla', 'lorem quisque', 555),
    ('phasellus sit amet', 'lorem quisque', 299),
    ('sagittis nam congue', 'purus sit', 259),
    ('mattis odio', 'purus sit', 367),
    ('pede', 'purus sit', 497),
    ('vulputate', 'purus sit', 10),
    ('potenti in eleifend', 'purus sit', 370),
    ('in magna bibendum', 'lobortis', 300),
    ('nisi', 'lobortis', 65),
    ('sapien', 'lobortis', 365),
    ('non sodales sed', 'lobortis', 116),
    ('ipsum', 'lobortis', 175),
    ('hac habitasse', 'lobortis', 108),
    ('nisi nam', 'lobortis', 3),
    ('duis at velit', 'magna at', 430),
    ('vestibulum', 'magna at', 564),
    ('lacinia erat', 'magna at', 299),
    ('quis orci', 'magna at', 548),
    ('lobortis est phasellus', 'magna at', 577),
    ('scelerisque mauris', 'extraordinary', 174),
    ('condimentum curabitur', 'extraordinary', 73),
    ('dui', 'extraordinary', 304),
    ('rhoncus aliquam', 'extraordinary', 508),
    ('nulla ultrices aliquet', 'extraordinary', 6),
    ('molestie nibh in', 'vulputate', 234),
    ('montes nascetur', 'vulputate', 336),
    ('faucibus cursus urna', 'vulputate', 100),
    ('enim blandit mi', 'vulputate', 549),
    ('libero quis orci', 'vulputate', 24),
    ('luctus et ultrices', 'vulputate', 424),
    ('cras non', 'vulputate', 245),
    ('id consequat', 'sed', 271),
    ('duis', 'sed', 414),
    ('sapien', 'sed', 554),
    ('congue etiam', 'sed', 35),
    ('vulputate vitae nisl', 'sed', 552),
    ('ut nulla', 'sed', 497),
    ('elit ac nulla', 'sed', 590),
    ('evil', 'sed', 336),
    ('hendrerit', 'nisi at', 217),
    ('fermentum justo nec', 'nisi at', 173),
    ('duis bibendum', 'nisi at', 481),
    ('est congue elementum', 'nisi at', 480),
    ('vel', 'nisi at', 348),
    ('ornare consequat lectus', 'nisi at', 253),
    ('cras', 'nisi at', 8),
    ('phasellus id', 'nisi at', 301),
    ('sapien', 'nisi at', 338),
    ('vel est donec', 'nisi at', 106),
    ('ipsum aliquam non', 'fermentum justo nec', 284),
    ('non', 'fermentum justo nec', 423),
    ('neque', 'fermentum justo nec', 58),
    ('vel', 'fermentum justo nec', 531),
    ('est donec odio', 'fermentum justo nec', 276),
    ('curabitur at', 'fermentum justo nec', 149),
    ('ullamcorper augue a', 'fermentum justo nec', 597),
    ('nunc vestibulum', 'blandit ultrices', 158),
    ('est et', 'blandit ultrices', 391),
    ('ut', 'blandit ultrices', 355),
    ('suspendisse potenti', 'blandit ultrices', 334),
    ('consequat nulla nisl', 'blandit ultrices', 366),
    ('blandit lacinia', 'blandit ultrices', 427),
    ('at velit eu', 'blandit ultrices', 7),
    ('est risus', 'id justo', 10),
    ('imperdiet', 'id justo', 219),
    ('magnis', 'id justo', 408),
    ('primis in faucibus', 'id justo', 568),
    ('dui', 'id justo', 252),
    ('amet', 'id justo', 567),
    ('ultrices phasellus', 'id justo', 190),
    ('dictumst etiam faucibus', 'amet', 300),
    ('volutpat convallis morbi', 'amet', 204),
    ('aliquam quis turpis', 'amet', 476),
    ('in felis donec', 'amet', 312),
    ('volutpat dui maecenas', 'amet', 210),
    ('primis in faucibus', 'amet', 237),
    ('aliquam', 'amet', 276),
    ('eu tincidunt in', 'amet', 23),
    ('est donec odio', 'phasellus id sapien', 483),
    ('dictumst', 'phasellus id sapien', 469),
    ('aliquam', 'phasellus id sapien', 76),
    ('ac', 'phasellus id sapien', 190),
    ('vel', 'phasellus id sapien', 293),
    ('orci mauris lacinia', 'phasellus id sapien', 458),
    ('massa', 'phasellus id sapien', 384),
    ('molestie', 'phasellus id sapien', 262),
    ('nisi', 'phasellus id sapien', 73),
    ('tellus', 'phasellus id sapien', 541),
    ('orci luctus et', 'lorem quisque', 1),
    ('dis', 'lorem quisque', 61),
    ('pellentesque', 'lorem quisque', 340),
    ('consequat', 'lorem quisque', 39),
    ('sit', 'lorem quisque', 193),
    ('justo etiam pretium', 'lorem quisque', 72),
    ('orci', 'lorem quisque', 432),
    ('tempus vivamus', 'lorem quisque', 229),
    ('viverra pede', 'curae', 199),
    ('vel accumsan tellus', 'curae', 568),
    ('luctus', 'curae', 103),
    ('amet sapien dignissim', 'curae', 588),
    ('mi', 'curae', 241),
    ('ac nulla', 'curae', 444),
    ('nascetur ridiculus', 'curae', 254),
    ('elit ac nulla', 'curae', 217),
    ('donec', 'curae', 385),
    ('et ultrices posuere', 'turpis donec', 243),
    ('ipsum ac tellus', 'turpis donec', 390),
    ('ipsum dolor', 'turpis donec', 218),
    ('faucibus', 'turpis donec', 277),
    ('morbi odio odio', 'turpis donec', 511),
    ('nisl nunc nisl', 'turpis donec', 234),
    ('vestibulum vestibulum', 'turpis donec', 85),
    ('mauris eget massa', 'turpis donec', 500),
    ('dolor', 'ultrices', 81),
    ('eros vestibulum ac', 'ultrices', 526),
    ('viverra', 'ultrices', 486),
    ('in sapien iaculis', 'ultrices', 496),
    ('natoque', 'ultrices', 463),
    ('quisque ut', 'duis at', 229),
    ('odio', 'duis at', 472),
    ('id', 'massa', 568),
    ('in lectus', 'massa', 170),
    ('eget', 'massa', 265),
    ('lobortis', 'massa', 165),
    ('volutpat eleifend donec', 'massa', 205),
    ('enim blandit mi', 'massa', 163),
    ('iaculis', 'massa', 143),
    ('eleifend quam a', 'massa', 520),
    ('sapien in sapien', 'morbi ut', 147),
    ('mauris morbi non', 'morbi ut', 321),
    ('commodo placerat praesent', 'morbi ut', 29),
    ('at', 'morbi ut', 588),
    ('id nulla ultrices', 'morbi ut', 384),
    ('felis donec', 'morbi ut', 187),
    ('justo lacinia', 'morbi ut', 194),
    ('ut erat id', 'morbi ut', 28),
    ('id mauris', 'morbi ut', 479),
    ('lectus pellentesque', 'pellentesque', 518),
    ('elementum', 'pellentesque', 264),
    ('nunc commodo', 'pellentesque', 115),
    ('vitae mattis', 'pellentesque', 575),
    ('fear', 'pellentesque', 523),
    ('a feugiat et', 'pellentesque', 182),
    ('primis in', 'pellentesque', 85),
    ('nam nulla integer', 'pellentesque', 7),
    ('commodo', 'pellentesque', 24),
    ('diam nam', 'pellentesque', 345),
    ('tristique', 'ullamcorper', 556),
    ('lobortis convallis', 'ullamcorper', 447),
    ('turpis eget', 'ullamcorper', 291),
    ('dui vel', 'ullamcorper', 189),
    ('luctus nec molestie', 'ullamcorper', 537),
    ('est phasellus sit', 'ullamcorper', 333),
    ('dignissim', 'ullamcorper', 586),
    ('dapibus', 'ullamcorper', 190),
    ('rutrum neque', 'habitasse platea', 582),
    ('mauris non', 'habitasse platea', 378),
    ('enim', 'habitasse platea', 578),
    ('quis augue', 'habitasse platea', 43),
    ('eleifend donec', 'habitasse platea', 592),
    ('eget vulputate ut', 'habitasse platea', 117),
    ('a ipsum integer', 'habitasse platea', 43),
    ('curae mauris viverra', 'mi sit amet', 319),
    ('vestibulum', 'mi sit amet', 480),
    ('dictumst maecenas', 'mi sit amet', 3),
    ('morbi', 'mi sit amet', 415),
    ('blandit ultrices', 'mi sit amet', 458),
    ('mauris', 'mi sit amet', 3),
    ('tellus semper', 'mi sit amet', 439),
    ('est lacinia', 'lectus pellentesque at', 36),
    ('vivamus metus', 'lectus pellentesque at', 541),
    ('imperdiet sapien urna', 'lectus pellentesque at', 107),
    ('phasellus id', 'lectus pellentesque at', 353),
    ('lacinia eget tincidunt', 'lectus pellentesque at', 165),
    ('sem fusce', 'lectus pellentesque at', 384),
    ('suscipit nulla elit', 'lectus pellentesque at', 333),
    ('phasellus id sapien', 'lectus pellentesque at', 345),
    ('in faucibus', 'lectus pellentesque at', 31),
    ('primis in faucibus', 'faucibus orci', 53),
    ('curae mauris', 'faucibus orci', 45),
    ('posuere', 'faucibus orci', 123),
    ('sem fusce', 'faucibus orci', 202),
    ('vel', 'faucibus orci', 362),
    ('at', 'faucibus orci', 179),
    ('est', 'sit amet', 357),
    ('nec nisi vulputate', 'sit amet', 509),
    ('porttitor lacus', 'sit amet', 169),
    ('parturient', 'sit amet', 389),
    ('donec posuere', 'sit amet', 467),
    ('quis orci', 'sit amet', 77),
    ('consequat in consequat', 'viverra dapibus nulla', 180),
    ('quam', 'viverra dapibus nulla', 455),
    ('sed magna at', 'viverra dapibus nulla', 147),
    ('odio odio elementum', 'viverra dapibus nulla', 226),
    ('ultrices posuere cubilia', 'viverra dapibus nulla', 338),
    ('maecenas', 'viverra dapibus nulla', 533),
    ('libero convallis eget', 'morbi', 372),
    ('rhoncus', 'morbi', 167),
    ('massa', 'morbi', 127),
    ('orci pede', 'morbi', 102),
    ('lectus pellentesque', 'morbi', 419),
    ('eget', 'morbi', 47),
    ('aenean', 'morbi', 258),
    ('nulla elit', 'morbi', 61),
    ('maecenas tincidunt lacus', 'pellentesque', 73),
    ('sit amet sapien', 'pellentesque', 134),
    ('in congue etiam', 'pellentesque', 185),
    ('est risus', 'pellentesque', 597),
    ('et ultrices posuere', 'pellentesque', 254),
    ('pede', 'pellentesque', 237),
    ('justo eu', 'pellentesque', 310),
    ('et tempus semper', 'nisl duis', 375),
    ('nulla suspendisse potenti', 'nisl duis', 189),
    ('in consequat', 'nisl duis', 132),
    ('sapien', 'nisl duis', 71),
    ('in hac', 'nisl duis', 392),
    ('nulla nisl', 'nisl duis', 435),
    ('nec nisi vulputate', 'cras', 316),
    ('potenti nullam porttitor', 'cras', 13),
    ('scelerisque quam turpis', 'cras', 463),
    ('ipsum', 'cras', 488),
    ('diam neque vestibulum', 'cras', 360),
    ('ultrices mattis', 'cras', 173),
    ('neque', 'cras', 22),
    ('potenti nullam', 'metus', 114),
    ('amet consectetuer adipiscing', 'metus', 417),
    ('id', 'metus', 349),
    ('adipiscing elit proin', 'metus', 82),
    ('nec', 'metus', 91),
    ('pede posuere', 'metus', 463),
    ('elementum nullam', 'metus', 548),
    ('pellentesque volutpat', 'metus', 170),
    ('justo morbi', 'metus', 463),
    ('varius nulla facilisi', 'metus', 374),
    ('sapien ut', 'mi integer', 420),
    ('dolor quis odio', 'mi integer', 455),
    ('ultrices vel', 'mi integer', 19),
    ('libero rutrum', 'mi integer', 557),
    ('vitae mattis nibh', 'mi integer', 316),
    ('quam', 'mi integer', 213),
    ('risus semper porta', 'at vulputate vitae', 511),
    ('laoreet ut rhoncus', 'at vulputate vitae', 235),
    ('nam tristique tortor', 'at vulputate vitae', 278),
    ('sit amet nulla', 'at vulputate vitae', 482),
    ('ultrices', 'at vulputate vitae', 163),
    ('in', 'at vulputate vitae', 254),
    ('odio', 'risus', 321),
    ('luctus', 'risus', 246),
    ('lorem ipsum', 'risus', 53),
    ('consectetuer', 'risus', 179),
    ('cras pellentesque volutpat', 'risus', 234),
    ('in ante vestibulum', 'risus', 74),
    ('nullam molestie', 'non velit', 1),
    ('lacus', 'non velit', 60),
    ('tempus semper', 'non velit', 333),
    ('curae nulla dapibus', 'non velit', 195),
    ('luctus et', 'non velit', 302),
    ('amet justo', 'non velit', 468),
    ('ut', 'interdum', 209),
    ('integer tincidunt ante', 'interdum', 536),
    ('cursus', 'interdum', 475),
    ('pretium', 'interdum', 379),
    ('sed accumsan', 'interdum', 157),
    ('hendrerit', 'interdum', 259),
    ('quis justo maecenas', 'nulla nisl', 599),
    ('parturient montes', 'nulla nisl', 14),
    ('nibh', 'nulla nisl', 138),
    ('nullam porttitor lacus', 'nulla nisl', 103),
    ('quis odio', 'nulla nisl', 346),
    ('vel nisl', 'nulla nisl', 444),
    ('molestie sed', 'nulla nisl', 564),
    ('eleifend luctus ultricies', 'id turpis', 4),
    ('arcu sed augue', 'id turpis', 83),
    ('pede justo eu', 'id turpis', 570),
    ('elit ac nulla', 'id turpis', 86),
    ('augue', 'id turpis', 541),
    ('nulla ac enim', 'id turpis', 207),
    ('ligula in lacus', 'posuere', 412),
    ('curabitur at', 'posuere', 274),
    ('vitae', 'posuere', 209),
    ('quis justo maecenas', 'posuere', 406),
    ('nulla pede', 'posuere', 266),
    ('est risus', 'posuere', 80),
    ('condimentum id luctus', 'integer aliquet massa', 189),
    ('odio porttitor id', 'integer aliquet massa', 75),
    ('velit', 'integer aliquet massa', 396),
    ('integer', 'integer aliquet massa', 563),
    ('habitasse platea', 'integer aliquet massa', 107),
    ('fusce lacus', 'integer aliquet massa', 514),
    ('risus', 'integer aliquet massa', 154),
    ('turpis', 'imperdiet et commodo', 475),
    ('in quis', 'imperdiet et commodo', 405),
    ('sagittis nam congue', 'imperdiet et commodo', 203),
    ('arcu sed augue', 'imperdiet et commodo', 139),
    ('urna pretium', 'imperdiet et commodo', 33),
    ('maecenas pulvinar', 'imperdiet et commodo', 77),
    ('amet', 'ultrices', 514),
    ('ipsum integer a', 'ultrices', 38),
    ('vehicula consequat', 'ultrices', 217),
    ('nam', 'ultrices', 581),
    ('platea dictumst', 'ultrices', 38),
    ('primis', 'ultrices', 455),
    ('semper interdum', 'lacus morbi', 186),
    ('massa quis augue', 'lacus morbi', 154),
    ('aenean sit amet', 'lacus morbi', 489),
    ('nulla', 'lacus morbi', 83),
    ('pellentesque', 'lacus morbi', 149),
    ('vulputate nonummy maecenas', 'lacus morbi', 371),
    ('quisque', 'lacus morbi', 211),
    ('in', 'semper porta volutpat', 334),
    ('blandit ultrices enim', 'semper porta volutpat', 430),
    ('nisi nam', 'semper porta volutpat', 490),
    ('posuere metus vitae', 'semper porta volutpat', 189),
    ('platea dictumst maecenas', 'semper porta volutpat', 419),
    ('vel ipsum', 'semper porta volutpat', 473),
    ('sapien a libero', 'semper porta volutpat', 558),
    ('ultrices', 'molestie', 563),
    ('morbi', 'molestie', 361),
    ('pede ullamcorper', 'molestie', 476),
    ('nec euismod', 'molestie', 576),
    ('sapien placerat ante', 'molestie', 273),
    ('scelerisque quam turpis', 'nisi nam', 247),
    ('massa id nisl', 'nisi nam', 175),
    ('posuere', 'nisi nam', 595),
    ('est quam', 'nisi nam', 599),
    ('sed augue aliquam', 'semper porta volutpat', 37),
    ('suscipit', 'semper porta volutpat', 32),
    ('etiam pretium iaculis', 'semper porta volutpat', 41),
    ('amet diam in', 'amet diam in', 264),
    ('ut tellus', 'ut tellus', 38),
    ('ligula sit', 'ligula sit', 300),
    ('proin eu', 'est', 580),
    ('quis tortor', 'est', 421),
    ('ipsum primis in', 'est', 504),
    ('porttitor id consequat', 'est', 241),
    ('sed sagittis', 'est', 25),
    ('ante', 'est', 317),
    ('morbi', 'elementum eu', 300),
    ('at turpis donec', 'elementum eu', 126),
    ('blandit', 'elementum eu', 534),
    ('in hac', 'elementum eu', 12),
    ('ipsum', 'elementum eu', 194),
    ('in felis', 'elementum eu', 107),
    ('aliquam', 'elementum eu', 117),
    ('vitae', 'elementum eu', 106),
    ('vestibulum', 'elementum eu', 132),
    ('etiam', 'etiam', 272),
    ('ullamcorper purus', 'urna ut', 388),
    ('non mattis', 'urna ut', 449),
    ('nibh in', 'urna ut', 556),
    ('justo', 'urna ut', 291),
    ('nulla facilisi cras', 'urna ut', 539),
    ('et', 'urna ut', 434),
    ('turpis enim blandit', 'urna ut', 65),
    ('pellentesque eget', 'pellentesque eget', 500),
    ('dolor quis odio', 'convallis duis', 472),
    ('tellus in sagittis', 'convallis duis', 157),
    ('potenti nullam porttitor', 'convallis duis', 277),
    ('cubilia curae nulla', 'convallis duis', 516),
    ('integer pede', 'convallis duis', 81),
    ('lobortis vel dapibus', 'convallis duis', 430),
    ('nunc commodo placerat', 'convallis duis', 3),
    ('sapien dignissim vestibulum', 'orci mauris', 44),
    ('eu', 'orci mauris', 299),
    ('interdum in ante', 'orci mauris', 593),
    ('quam suspendisse potenti', 'orci mauris', 308),
    ('morbi non', 'orci mauris', 424),
    ('a nibh', 'orci mauris', 178),
    ('aenean', 'orci mauris', 241),
    ('vulputate nonummy', 'vulputate nonummy', 376),
    ('faucibus', 'in leo', 283),
    ('praesent blandit nam', 'in leo', 551),
    ('mattis egestas', 'in leo', 556),
    ('odio', 'in leo', 157),
    ('nullam porttitor', 'in leo', 291),
    ('sapien cursus vestibulum', 'libero ut massa', 190),
    ('dictumst etiam', 'libero ut massa', 575),
    ('leo', 'libero ut massa', 369),
    ('tincidunt', 'libero ut massa', 301),
    ('eu interdum', 'libero ut massa', 521),
    ('dictumst aliquam', 'libero ut massa', 123),
    ('bibendum', 'bibendum', 541),
    ('sagittis dui', 'integer', 156),
    ('aliquet massa id', 'integer', 121),
    ('ut', 'integer', 481),
    ('molestie nibh', 'integer', 301),
    ('massa', 'integer', 219),
    ('interdum', 'ligula', 371),
    ('proin risus praesent', 'ligula', 504),
    ('praesent', 'ligula', 423),
    ('eget semper rutrum', 'ligula', 315),
    ('eros vestibulum ac', 'ligula', 335),
    ('ullamcorper', 'ligula', 324),
    ('fusce lacus', 'ligula', 132),
    ('diam', 'diam', 448),
    ('hendrerit at', 'hendrerit at', 163),
    ('non', 'duis at', 346),
    ('mattis', 'duis at', 368),
    ('ut', 'duis at', 310),
    ('curae nulla', 'duis at', 449),
    ('non velit', 'duis at', 575),
    ('sapien', 'sapien', 51),
    ('enim sit', 'in lacus curabitur', 262),
    ('non', 'in lacus curabitur', 51),
    ('lectus pellentesque', 'in lacus curabitur', 233),
    ('ac leo pellentesque', 'in lacus curabitur', 253),
    ('justo eu', 'in lacus curabitur', 522),
    ('orci', 'in lacus curabitur', 356),
    ('ut at', 'imperdiet', 203),
    ('odio condimentum id', 'imperdiet', 334),
    ('nulla suspendisse potenti', 'imperdiet', 289),
    ('eleifend pede libero', 'imperdiet', 93),
    ('lobortis est phasellus', 'imperdiet', 296),
    ('ut', 'sapien', 577),
    ('porttitor', 'sapien', 273),
    ('nibh', 'sapien', 146),
    ('quam fringilla rhoncus', 'sapien', 183),
    ('volutpat', 'sapien', 245),
    ('eros', 'nulla quisque', 490),
    ('venenatis', 'nulla quisque', 204),
    ('lorem', 'nulla quisque', 7),
    ('curabitur', 'curabitur', 441),
    ('suscipit nulla', 'magnis', 267),
    ('tortor', 'magnis', 465),
    ('id pretium', 'magnis', 393),
    ('nullam', 'magnis', 414),
    ('feugiat', 'magnis', 474),
    ('in tempor turpis', 'in', 87),
    ('amet erat nulla', 'in', 491),
    ('nulla tellus in', 'in', 144),
    ('iaculis congue vivamus', 'in', 422),
    ('morbi quis tortor', 'in', 8),
    ('turpis', 'quis justo', 309),
    ('ut', 'quis justo', 115),
    ('odio justo', 'quis justo', 519),
    ('sit amet', 'sit amet', 466),
    ('laoreet ut rhoncus', 'laoreet ut rhoncus', 516);
